CustomerID,CustomerName,Segment,Country,Region,JoinDate,Email
CUST00001,Sterling Cargo Group,Corporate,New Zealand,Oceania,2025-01-01,customer1@mail.com
CUST00002,Rahul Lee,Corporate,Saudi Arabia,Middle East,2022-06-11,customer2@mail.com
CUST00003,Catalyst Solutions,Government,South Africa,Africa,2024-11-24,customer3@mail.com
CUST00004,Elizabeth Davis,Corporate,Chile,South America,2026-03-31,customer4@mail.com
CUST00005,David Anderson,Wholesale,France,Europe,2026-07-14,customer5@mail.com
CUST00006,Nova Enterprises,Wholesale,Germany,Europe,2024-06-10,customer6@mail.com
CUST00007,Carlos Moore,Retail,New Zealand,Oceania,2023-10-17,customer7@mail.com
CUST00008,Titan Exports,E-Commerce,Mexico,North America,2023-10-30,customer8@mail.com
CUST00009,James Rivera,Government,Singapore,Asia,2025-06-30,customer9@mail.com
CUST00010,Linda Ramirez,Wholesale,Singapore,Asia,2022-11-03,customer10@mail.com
CUST00011,Michael Miller,Retail,Saudi Arabia,Middle East,2025-02-26,customer11@mail.com
CUST00012,Pinnacle Solutions,Corporate,Australia,Oceania,2023-12-06,customer12@mail.com
CUST00013,Crescent Holdings,Corporate,Netherlands,Europe,2025-06-01,customer13@mail.com
CUST00014,Titan Industries,Government,Canada,North America,2025-06-20,customer14@mail.com
CUST00015,John Clark,Wholesale,Chile,South America,2023-11-10,customer15@mail.com
CUST00016,Sarah Harris,E-Commerce,Canada,North America,2022-02-11,customer16@mail.com
CUST00017,Karen Jackson,Corporate,New Zealand,Oceania,2026-09-23,customer17@mail.com
CUST00018,Joseph Rodriguez,Corporate,South Africa,Africa,2023-09-08,customer18@mail.com
CUST00019,Sarah Ramirez,Retail,Egypt,Africa,2025-05-23,customer19@mail.com
CUST00020,Anthony Allen,Government,Italy,Europe,2026-04-05,customer20@mail.com
CUST00021,Wei Hernandez,E-Commerce,India,Asia,2022-05-15,customer21@mail.com
CUST00022,William Wright,Retail,South Africa,Africa,2025-03-10,customer22@mail.com
CUST00023,Pioneer Partners,Wholesale,France,Europe,2022-04-29,customer23@mail.com
CUST00024,Lisa Campbell,E-Commerce,Canada,North America,2023-02-12,customer24@mail.com
CUST00025,Wei Clark,Retail,India,Asia,2025-07-25,customer25@mail.com
CUST00026,Fusion Manufacturing,Corporate,Chile,South America,2025-05-01,customer26@mail.com
CUST00027,Rahul Hill,E-Commerce,France,Europe,2025-02-03,customer27@mail.com
CUST00028,Atlas Systems,Retail,India,Asia,2026-08-29,customer28@mail.com
CUST00029,Prime Industries,Government,Poland,Europe,2026-10-15,customer29@mail.com
CUST00030,Joseph Nelson,Wholesale,Egypt,Africa,2023-04-07,customer30@mail.com
CUST00031,Wei Johnson,Retail,Netherlands,Europe,2026-11-06,customer31@mail.com
CUST00032,Olivia Lopez,Retail,Indonesia,Asia,2025-05-16,customer32@mail.com
CUST00033,Zenith Systems,E-Commerce,Spain,Europe,2025-12-23,customer33@mail.com
CUST00034,Daniel Walker,Wholesale,South Korea,Asia,2023-06-01,customer34@mail.com
CUST00035,Sterling Partners,Corporate,Vietnam,Asia,2025-07-01,customer35@mail.com
CUST00036,Sterling Enterprises,E-Commerce,Saudi Arabia,Middle East,2026-09-24,customer36@mail.com
CUST00037,Carlos Martin,Retail,UAE,Middle East,2023-09-04,customer37@mail.com
CUST00038,Atlas Enterprises,E-Commerce,Indonesia,Asia,2023-10-28,customer38@mail.com
CUST00039,Olivia Lee,Wholesale,Netherlands,Europe,2023-01-21,customer39@mail.com
CUST00040,Patricia Flores,E-Commerce,Singapore,Asia,2024-04-07,customer40@mail.com
CUST00041,Global Enterprises,E-Commerce,Chile,South America,2024-10-15,customer41@mail.com
CUST00042,Betty Sanchez,Retail,Netherlands,Europe,2026-02-17,customer42@mail.com
CUST00043,Ahmed Wilson,Wholesale,Saudi Arabia,Middle East,2023-12-04,customer43@mail.com
CUST00044,Rahul Baker,Government,Chile,South America,2024-01-05,customer44@mail.com
CUST00045,Noah Torres,E-Commerce,Poland,Europe,2023-01-06,customer45@mail.com
CUST00046,Valentina Moore,Government,UK,Europe,2026-01-25,customer46@mail.com
CUST00047,Emma Thompson,Retail,Egypt,Africa,2025-09-02,customer47@mail.com
CUST00048,Zenith Cargo Group,E-Commerce,Spain,Europe,2026-06-03,customer48@mail.com
CUST00049,Zenith Manufacturing,Retail,India,Asia,2026-10-10,customer49@mail.com
CUST00050,Catalyst Holdings,Retail,Indonesia,Asia,2025-06-25,customer50@mail.com
CUST00051,Wei Davis,Corporate,Indonesia,Asia,2026-11-12,customer51@mail.com
CUST00052,Prime Partners,Wholesale,Singapore,Asia,2026-10-16,customer52@mail.com
CUST00053,Nancy Ramirez,Corporate,Germany,Europe,2025-03-12,customer53@mail.com
CUST00054,Vertex Networks,Corporate,Germany,Europe,2022-06-15,customer54@mail.com
CUST00055,Barbara Perez,Retail,China,Asia,2025-07-23,customer55@mail.com
CUST00056,Susan Hernandez,Wholesale,USA,North America,2025-03-26,customer56@mail.com
CUST00057,Jennifer Rodriguez,Corporate,Indonesia,Asia,2025-06-12,customer57@mail.com
CUST00058,Margaret Young,Retail,Argentina,South America,2024-02-25,customer58@mail.com
CUST00059,Diego Harris,E-Commerce,Canada,North America,2022-01-29,customer59@mail.com
CUST00060,Richard Johnson,Retail,Egypt,Africa,2025-10-17,customer60@mail.com
CUST00061,Joseph Rivera,E-Commerce,Argentina,South America,2023-12-07,customer61@mail.com
CUST00062,Sterling Holdings,Wholesale,Germany,Europe,2023-09-19,customer62@mail.com
CUST00063,Karen Martin,Government,Mexico,North America,2024-07-22,customer63@mail.com
CUST00064,Margaret Hall,E-Commerce,Brazil,South America,2022-10-02,customer64@mail.com
CUST00065,Pioneer Industries,Corporate,Indonesia,Asia,2026-07-21,customer65@mail.com
CUST00066,Summit Supply Co,Retail,USA,North America,2026-02-12,customer66@mail.com
CUST00067,Linda Harris,Retail,Saudi Arabia,Middle East,2025-12-27,customer67@mail.com
CUST00068,Thomas Scott,Retail,Japan,Asia,2025-06-30,customer68@mail.com
CUST00069,Noah Miller,Retail,Brazil,South America,2025-08-31,customer69@mail.com
CUST00070,Anthony Robinson,Retail,Canada,North America,2024-02-18,customer70@mail.com
CUST00071,Summit Supply Co,Retail,UAE,Middle East,2025-11-24,customer71@mail.com
CUST00072,Michael Baker,E-Commerce,Poland,Europe,2024-12-01,customer72@mail.com
CUST00073,William Ramirez,Retail,Brazil,South America,2026-08-29,customer73@mail.com
CUST00074,Linda Martin,Retail,Singapore,Asia,2022-08-22,customer74@mail.com
CUST00075,Pioneer Networks,Government,Indonesia,Asia,2023-06-23,customer75@mail.com
CUST00076,Alliance Distribution,Retail,Italy,Europe,2022-11-25,customer76@mail.com
CUST00077,Susan Rivera,E-Commerce,UAE,Middle East,2024-09-11,customer77@mail.com
CUST00078,Nova Solutions,Government,Spain,Europe,2022-08-15,customer78@mail.com
CUST00079,Jennifer King,Retail,Chile,South America,2022-06-03,customer79@mail.com
CUST00080,Sandra Martin,Corporate,Netherlands,Europe,2023-06-25,customer80@mail.com
CUST00081,Vertex Partners,E-Commerce,Canada,North America,2022-03-22,customer81@mail.com
CUST00082,Chris Lewis,Retail,India,Asia,2026-02-21,customer82@mail.com
CUST00083,John Smith,Wholesale,UK,Europe,2026-10-11,customer83@mail.com
CUST00084,Nancy White,Government,Chile,South America,2024-06-15,customer84@mail.com
CUST00085,Jennifer Harris,E-Commerce,Netherlands,Europe,2026-07-28,customer85@mail.com
CUST00086,Titan Manufacturing,Corporate,France,Europe,2023-07-11,customer86@mail.com
CUST00087,Anthony Nelson,Wholesale,South Africa,Africa,2026-06-21,customer87@mail.com
CUST00088,Prime Partners,Retail,UK,Europe,2022-11-23,customer88@mail.com
CUST00089,Rahul Nguyen,Corporate,South Korea,Asia,2025-10-21,customer89@mail.com
CUST00090,Daniel Green,Wholesale,France,Europe,2022-03-01,customer90@mail.com
CUST00091,Linda Ramirez,Retail,Indonesia,Asia,2024-06-21,customer91@mail.com
CUST00092,Orion Logistics,Government,Mexico,North America,2025-12-13,customer92@mail.com
CUST00093,Diego Nguyen,E-Commerce,Egypt,Africa,2023-04-04,customer93@mail.com
CUST00094,Lucas Green,Corporate,Singapore,Asia,2022-07-15,customer94@mail.com
CUST00095,Rahul White,Corporate,Chile,South America,2025-09-21,customer95@mail.com
CUST00096,Hana Green,Retail,Germany,Europe,2022-04-22,customer96@mail.com
CUST00097,Wei Young,Corporate,Argentina,South America,2026-10-11,customer97@mail.com
CUST00098,Crescent Freight,E-Commerce,France,Europe,2023-05-09,customer98@mail.com
CUST00099,Horizon Exports,Corporate,Netherlands,Europe,2025-08-10,customer99@mail.com
CUST00100,Jennifer Walker,Government,Japan,Asia,2024-06-28,customer100@mail.com
CUST00101,Crescent Manufacturing,Retail,Vietnam,Asia,2023-10-10,customer101@mail.com
CUST00102,Mary Miller,Corporate,Indonesia,Asia,2024-04-06,customer102@mail.com
CUST00103,James Garcia,Government,Canada,North America,2026-06-10,customer103@mail.com
CUST00104,Wei Torres,Corporate,Brazil,South America,2023-02-28,customer104@mail.com
CUST00105,Prime Partners,Corporate,China,Asia,2023-04-02,customer105@mail.com
CUST00106,Sofia Flores,E-Commerce,China,Asia,2024-08-26,customer106@mail.com
CUST00107,Michael Baker,Retail,South Africa,Africa,2023-03-31,customer107@mail.com
CUST00108,Zenith Exports,E-Commerce,China,Asia,2024-12-05,customer108@mail.com
CUST00109,Vertex Manufacturing,Corporate,South Africa,Africa,2022-10-15,customer109@mail.com
CUST00110,Pioneer Supply Co,Corporate,UK,Europe,2022-09-05,customer110@mail.com
CUST00111,Richard Campbell,Retail,Italy,Europe,2023-11-24,customer111@mail.com
CUST00112,Liam Hall,Retail,Egypt,Africa,2025-04-20,customer112@mail.com
CUST00113,Sandra Baker,Government,Egypt,Africa,2025-04-21,customer113@mail.com
CUST00114,James Wright,Retail,Germany,Europe,2026-02-16,customer114@mail.com
CUST00115,Fatima Young,Wholesale,UAE,Middle East,2024-11-07,customer115@mail.com
CUST00116,Diego Rodriguez,Corporate,South Africa,Africa,2022-08-01,customer116@mail.com
CUST00117,Chris King,Corporate,Chile,South America,2024-02-27,customer117@mail.com
CUST00118,Jessica Jackson,E-Commerce,Brazil,South America,2024-03-25,customer118@mail.com
CUST00119,William Rodriguez,Government,Poland,Europe,2024-04-25,customer119@mail.com
CUST00120,Wei Lee,Government,South Africa,Africa,2026-09-23,customer120@mail.com
CUST00121,Hana Adams,Wholesale,China,Asia,2023-03-22,customer121@mail.com
CUST00122,Charles Hall,Wholesale,Italy,Europe,2023-12-09,customer122@mail.com
CUST00123,Barbara King,E-Commerce,South Africa,Africa,2025-01-16,customer123@mail.com
CUST00124,Fusion Exports,Government,South Africa,Africa,2024-09-10,customer124@mail.com
CUST00125,Ana Ramirez,Government,Saudi Arabia,Middle East,2025-10-12,customer125@mail.com
CUST00126,Margaret Smith,Retail,Poland,Europe,2024-12-06,customer126@mail.com
CUST00127,Prime Enterprises,Wholesale,USA,North America,2022-04-26,customer127@mail.com
CUST00128,David Martin,E-Commerce,Netherlands,Europe,2025-10-31,customer128@mail.com
CUST00129,Lucas Martin,Government,Germany,Europe,2023-02-22,customer129@mail.com
CUST00130,Meridian Traders,Government,Canada,North America,2025-06-15,customer130@mail.com
CUST00131,Hana Sanchez,Government,Spain,Europe,2023-05-02,customer131@mail.com
CUST00132,Lucas Martin,Retail,Australia,Oceania,2025-11-20,customer132@mail.com
CUST00133,Orion Exports,Retail,Japan,Asia,2022-04-21,customer133@mail.com
CUST00134,Momentum Partners,Corporate,Nigeria,Africa,2026-05-19,customer134@mail.com
CUST00135,Fusion Networks,Government,New Zealand,Oceania,2025-04-20,customer135@mail.com
CUST00136,Diego Wilson,Corporate,Nigeria,Africa,2023-08-26,customer136@mail.com
CUST00137,Robert Lopez,Government,France,Europe,2022-12-22,customer137@mail.com
CUST00138,Alliance Distribution,E-Commerce,UK,Europe,2025-02-13,customer138@mail.com
CUST00139,Atlas Logistics,Corporate,Germany,Europe,2023-11-08,customer139@mail.com
CUST00140,John Martinez,Government,South Africa,Africa,2023-10-23,customer140@mail.com
CUST00141,Liam Green,E-Commerce,Canada,North America,2026-09-23,customer141@mail.com
CUST00142,Hana White,E-Commerce,Indonesia,Asia,2022-05-30,customer142@mail.com
CUST00143,Vertex Exports,Government,Singapore,Asia,2022-05-20,customer143@mail.com
CUST00144,Yuki Clark,E-Commerce,France,Europe,2022-07-08,customer144@mail.com
CUST00145,Noah Thompson,E-Commerce,Spain,Europe,2023-11-10,customer145@mail.com
CUST00146,Momentum Exports,Government,Poland,Europe,2024-08-30,customer146@mail.com
CUST00147,Olivia Smith,E-Commerce,New Zealand,Oceania,2022-08-23,customer147@mail.com
CUST00148,Momentum Solutions,Wholesale,Vietnam,Asia,2025-06-26,customer148@mail.com
CUST00149,Chris Sanchez,Retail,Canada,North America,2026-06-19,customer149@mail.com
CUST00150,Zenith Logistics,E-Commerce,Japan,Asia,2024-11-24,customer150@mail.com
CUST00151,Mark Allen,E-Commerce,Singapore,Asia,2022-03-31,customer151@mail.com
CUST00152,Sterling Traders,Wholesale,Argentina,South America,2022-07-16,customer152@mail.com
CUST00153,James Adams,Wholesale,Egypt,Africa,2022-05-15,customer153@mail.com
CUST00154,Susan Hall,Retail,Chile,South America,2024-05-18,customer154@mail.com
CUST00155,Lucas Lewis,Retail,Italy,Europe,2025-08-17,customer155@mail.com
CUST00156,Mary Walker,E-Commerce,Nigeria,Africa,2026-01-08,customer156@mail.com
CUST00157,Prime Industries,E-Commerce,Canada,North America,2026-06-15,customer157@mail.com
CUST00158,Horizon Solutions,Corporate,UAE,Middle East,2023-06-14,customer158@mail.com
CUST00159,Betty Lewis,Retail,Japan,Asia,2023-10-10,customer159@mail.com
CUST00160,Yuki Smith,Government,Japan,Asia,2025-08-06,customer160@mail.com
CUST00161,Fatima Williams,Retail,Mexico,North America,2025-12-06,customer161@mail.com
CUST00162,Michael Martin,E-Commerce,India,Asia,2026-05-31,customer162@mail.com
CUST00163,Meridian Cargo Group,Retail,Brazil,South America,2024-03-20,customer163@mail.com
CUST00164,Horizon Industries,Corporate,Indonesia,Asia,2026-03-10,customer164@mail.com
CUST00165,Yuki Martin,Wholesale,Australia,Oceania,2025-07-22,customer165@mail.com
CUST00166,Diego Nelson,Retail,Poland,Europe,2024-02-04,customer166@mail.com
CUST00167,Elizabeth Davis,Retail,UAE,Middle East,2022-03-27,customer167@mail.com
CUST00168,Yuki Torres,E-Commerce,Saudi Arabia,Middle East,2022-06-24,customer168@mail.com
CUST00169,Diego White,Corporate,Italy,Europe,2023-03-10,customer169@mail.com
CUST00170,Elizabeth Hernandez,Wholesale,Argentina,South America,2023-01-12,customer170@mail.com
CUST00171,Richard Davis,Government,Brazil,South America,2023-01-07,customer171@mail.com
CUST00172,Hana Walker,Government,Canada,North America,2025-08-13,customer172@mail.com
CUST00173,Nova Distribution,Wholesale,Mexico,North America,2022-07-21,customer173@mail.com
CUST00174,Nancy White,Wholesale,Nigeria,Africa,2022-09-20,customer174@mail.com
CUST00175,Nova Solutions,E-Commerce,UK,Europe,2023-02-01,customer175@mail.com
CUST00176,Sofia Baker,Government,Indonesia,Asia,2023-09-19,customer176@mail.com
CUST00177,Lisa Perez,Wholesale,Germany,Europe,2024-05-27,customer177@mail.com
CUST00178,Horizon Systems,Corporate,USA,North America,2026-02-24,customer178@mail.com
CUST00179,William Hall,E-Commerce,Netherlands,Europe,2026-02-10,customer179@mail.com
CUST00180,Daniel Lee,Government,Indonesia,Asia,2024-09-24,customer180@mail.com
CUST00181,Momentum Traders,E-Commerce,UK,Europe,2026-09-20,customer181@mail.com
CUST00182,Pinnacle Supply Co,Retail,New Zealand,Oceania,2023-06-24,customer182@mail.com
CUST00183,Global Partners,Retail,Nigeria,Africa,2024-11-04,customer183@mail.com
CUST00184,Betty Hill,Retail,New Zealand,Oceania,2023-03-12,customer184@mail.com
CUST00185,Pinnacle Manufacturing,Wholesale,UAE,Middle East,2025-09-01,customer185@mail.com
CUST00186,Catalyst Systems,E-Commerce,India,Asia,2026-10-22,customer186@mail.com
CUST00187,Wei Garcia,E-Commerce,Germany,Europe,2024-03-23,customer187@mail.com
CUST00188,Horizon Partners,Government,Singapore,Asia,2026-07-10,customer188@mail.com
CUST00189,Sterling Industries,Wholesale,Chile,South America,2024-07-02,customer189@mail.com
CUST00190,Ahmed Baker,Wholesale,France,Europe,2026-11-22,customer190@mail.com
CUST00191,Daniel Williams,Corporate,Nigeria,Africa,2023-03-25,customer191@mail.com
CUST00192,Fusion Supply Co,Wholesale,Spain,Europe,2022-03-29,customer192@mail.com
CUST00193,Lisa Sanchez,Corporate,Singapore,Asia,2024-08-19,customer193@mail.com
CUST00194,Orion Traders,Government,Canada,North America,2025-12-12,customer194@mail.com
CUST00195,Valentina Moore,Government,Argentina,South America,2025-03-31,customer195@mail.com
CUST00196,Titan Freight,Retail,Saudi Arabia,Middle East,2025-04-18,customer196@mail.com
CUST00197,Horizon Exports,E-Commerce,Singapore,Asia,2024-04-11,customer197@mail.com
CUST00198,Priya Young,Retail,New Zealand,Oceania,2025-05-22,customer198@mail.com
CUST00199,Mark Hernandez,Retail,Singapore,Asia,2023-04-17,customer199@mail.com
CUST00200,Susan Martinez,Wholesale,Singapore,Asia,2023-01-18,customer200@mail.com
CUST00201,Linda Baker,Corporate,India,Asia,2023-04-17,customer201@mail.com
CUST00202,Apex Manufacturing,Corporate,Australia,Oceania,2025-10-14,customer202@mail.com
CUST00203,Vertex Enterprises,Corporate,Indonesia,Asia,2026-09-03,customer203@mail.com
CUST00204,Summit Holdings,Wholesale,USA,North America,2025-04-28,customer204@mail.com
CUST00205,John Nguyen,Retail,Germany,Europe,2022-10-28,customer205@mail.com
CUST00206,Vertex Exports,Government,France,Europe,2024-04-10,customer206@mail.com
CUST00207,Diego Baker,E-Commerce,Saudi Arabia,Middle East,2026-08-10,customer207@mail.com
CUST00208,Momentum Manufacturing,Corporate,Mexico,North America,2026-11-12,customer208@mail.com
CUST00209,Alliance Holdings,Government,France,Europe,2022-10-20,customer209@mail.com
CUST00210,Sofia Baker,E-Commerce,New Zealand,Oceania,2024-11-12,customer210@mail.com
CUST00211,Nancy Walker,Government,France,Europe,2025-05-06,customer211@mail.com
CUST00212,Titan Industries,Retail,Mexico,North America,2022-08-11,customer212@mail.com
CUST00213,Wei Hall,Wholesale,Italy,Europe,2024-05-09,customer213@mail.com
CUST00214,Crescent Solutions,Government,Brazil,South America,2025-06-13,customer214@mail.com
CUST00215,Yuki King,Retail,Canada,North America,2026-03-21,customer215@mail.com
CUST00216,William Flores,Retail,Mexico,North America,2025-01-09,customer216@mail.com
CUST00217,Margaret Wright,E-Commerce,Egypt,Africa,2024-05-11,customer217@mail.com
CUST00218,Margaret Thomas,Corporate,Canada,North America,2026-07-02,customer218@mail.com
CUST00219,Daniel Hill,Government,Australia,Oceania,2026-07-06,customer219@mail.com
CUST00220,Thomas Young,Wholesale,UK,Europe,2026-04-18,customer220@mail.com
CUST00221,Pinnacle Cargo Group,Wholesale,Mexico,North America,2023-06-12,customer221@mail.com
CUST00222,James Nguyen,Retail,USA,North America,2024-12-06,customer222@mail.com
CUST00223,Pioneer Systems,E-Commerce,Singapore,Asia,2026-07-06,customer223@mail.com
CUST00224,Summit Cargo Group,Government,South Korea,Asia,2025-08-27,customer224@mail.com
CUST00225,Pinnacle Cargo Group,E-Commerce,Netherlands,Europe,2025-03-02,customer225@mail.com
CUST00226,Titan Networks,Corporate,Brazil,South America,2023-02-22,customer226@mail.com
CUST00227,Rahul Lopez,Government,UAE,Middle East,2024-01-29,customer227@mail.com
CUST00228,Karen Nguyen,Corporate,UAE,Middle East,2023-12-07,customer228@mail.com
CUST00229,Apex Systems,Corporate,Nigeria,Africa,2023-04-16,customer229@mail.com
CUST00230,David Miller,Government,Australia,Oceania,2023-03-16,customer230@mail.com
CUST00231,Hana Green,Retail,Japan,Asia,2025-11-28,customer231@mail.com
CUST00232,Global Networks,Wholesale,France,Europe,2022-07-06,customer232@mail.com
CUST00233,Margaret Garcia,E-Commerce,Indonesia,Asia,2022-05-12,customer233@mail.com
CUST00234,Momentum Logistics,Corporate,Spain,Europe,2026-01-23,customer234@mail.com
CUST00235,Mei Martin,Government,Japan,Asia,2025-12-28,customer235@mail.com
CUST00236,Barbara Adams,Corporate,Canada,North America,2024-10-09,customer236@mail.com
CUST00237,Sterling Distribution,Retail,USA,North America,2023-02-03,customer237@mail.com
CUST00238,Mei Rivera,Government,Australia,Oceania,2023-04-20,customer238@mail.com
CUST00239,Lisa Taylor,Retail,France,Europe,2025-09-03,customer239@mail.com
CUST00240,Atlas Networks,E-Commerce,France,Europe,2024-03-29,customer240@mail.com
CUST00241,Catalyst Supply Co,Retail,Chile,South America,2024-11-26,customer241@mail.com
CUST00242,Jennifer Torres,Government,Nigeria,Africa,2023-08-06,customer242@mail.com
CUST00243,Atlas Supply Co,Wholesale,Saudi Arabia,Middle East,2025-05-26,customer243@mail.com
CUST00244,Ahmed Smith,Wholesale,Vietnam,Asia,2023-06-19,customer244@mail.com
CUST00245,Hana Jones,E-Commerce,South Korea,Asia,2024-10-27,customer245@mail.com
CUST00246,Wei Moore,Government,China,Asia,2026-11-30,customer246@mail.com
CUST00247,Thomas Rivera,Corporate,New Zealand,Oceania,2024-06-25,customer247@mail.com
CUST00248,Jessica Thompson,Corporate,Saudi Arabia,Middle East,2026-05-08,customer248@mail.com
CUST00249,Fatima Johnson,Retail,Chile,South America,2024-09-14,customer249@mail.com
CUST00250,Horizon Enterprises,Wholesale,Netherlands,Europe,2025-12-07,customer250@mail.com
CUST00251,Fusion Exports,Retail,Australia,Oceania,2025-01-02,customer251@mail.com
CUST00252,Jessica Martin,Corporate,South Africa,Africa,2022-07-10,customer252@mail.com
CUST00253,Nancy Jones,Wholesale,Chile,South America,2025-02-09,customer253@mail.com
CUST00254,Pioneer Solutions,E-Commerce,Indonesia,Asia,2025-03-20,customer254@mail.com
CUST00255,Emma Wilson,Wholesale,France,Europe,2024-10-18,customer255@mail.com
CUST00256,Thomas Anderson,Wholesale,Spain,Europe,2023-04-15,customer256@mail.com
CUST00257,Momentum Freight,Retail,New Zealand,Oceania,2022-11-16,customer257@mail.com
CUST00258,Emma Baker,Government,UK,Europe,2024-10-05,customer258@mail.com
CUST00259,Yuki Williams,Corporate,USA,North America,2026-10-03,customer259@mail.com
CUST00260,Priya Nguyen,E-Commerce,India,Asia,2026-11-15,customer260@mail.com
CUST00261,Sterling Distribution,Wholesale,Indonesia,Asia,2024-03-25,customer261@mail.com
CUST00262,Patricia Wright,Corporate,Egypt,Africa,2026-06-25,customer262@mail.com
CUST00263,John King,Corporate,Indonesia,Asia,2023-12-13,customer263@mail.com
CUST00264,Sandra Davis,Government,Chile,South America,2025-12-01,customer264@mail.com
CUST00265,Global Logistics,Wholesale,Vietnam,Asia,2025-10-12,customer265@mail.com
CUST00266,Chris Harris,E-Commerce,Japan,Asia,2025-06-08,customer266@mail.com
CUST00267,Jessica Jackson,Government,France,Europe,2024-08-23,customer267@mail.com
CUST00268,Crescent Cargo Group,Corporate,China,Asia,2023-03-08,customer268@mail.com
CUST00269,Lisa Clark,Corporate,South Africa,Africa,2023-07-27,customer269@mail.com
CUST00270,Ahmed Hall,Retail,France,Europe,2023-04-14,customer270@mail.com
CUST00271,Horizon Exports,Corporate,Nigeria,Africa,2024-06-04,customer271@mail.com
CUST00272,Summit Manufacturing,Retail,Italy,Europe,2026-07-09,customer272@mail.com
CUST00273,William Adams,Government,France,Europe,2024-11-24,customer273@mail.com
CUST00274,Crescent Distribution,Government,Nigeria,Africa,2023-05-29,customer274@mail.com
CUST00275,Apex Systems,Retail,Saudi Arabia,Middle East,2022-12-01,customer275@mail.com
CUST00276,Rahul Adams,Corporate,Italy,Europe,2022-07-17,customer276@mail.com
CUST00277,Fusion Freight,Government,Nigeria,Africa,2025-02-21,customer277@mail.com
CUST00278,Global Cargo Group,E-Commerce,Australia,Oceania,2022-09-06,customer278@mail.com
CUST00279,Richard Nguyen,Government,Chile,South America,2025-03-25,customer279@mail.com
CUST00280,Charles White,Government,France,Europe,2023-10-28,customer280@mail.com
CUST00281,Mark Garcia,Government,Indonesia,Asia,2024-02-20,customer281@mail.com
CUST00282,Elizabeth Hernandez,E-Commerce,Poland,Europe,2025-08-04,customer282@mail.com
CUST00283,Ahmed Clark,Retail,South Korea,Asia,2026-10-05,customer283@mail.com
CUST00284,Horizon Freight,E-Commerce,Mexico,North America,2023-10-11,customer284@mail.com
CUST00285,Titan Distribution,E-Commerce,South Africa,Africa,2024-06-30,customer285@mail.com
CUST00286,Mark Ramirez,Wholesale,Nigeria,Africa,2022-12-09,customer286@mail.com
CUST00287,Horizon Enterprises,Retail,USA,North America,2023-05-31,customer287@mail.com
CUST00288,Apex Traders,Corporate,Italy,Europe,2022-05-11,customer288@mail.com
CUST00289,Titan Exports,Retail,UAE,Middle East,2026-04-16,customer289@mail.com
CUST00290,Summit Traders,Corporate,UK,Europe,2025-09-03,customer290@mail.com
CUST00291,Zenith Manufacturing,Wholesale,Poland,Europe,2025-07-07,customer291@mail.com
CUST00292,David Johnson,E-Commerce,Germany,Europe,2022-03-13,customer292@mail.com
CUST00293,Sandra Scott,Government,China,Asia,2023-07-12,customer293@mail.com
CUST00294,Pinnacle Industries,Government,Vietnam,Asia,2025-04-25,customer294@mail.com
CUST00295,Liam Nguyen,Government,Vietnam,Asia,2024-06-09,customer295@mail.com
CUST00296,Karen White,Government,Argentina,South America,2024-09-13,customer296@mail.com
CUST00297,Mark Lee,Corporate,Spain,Europe,2024-01-20,customer297@mail.com
CUST00298,Global Logistics,Wholesale,Netherlands,Europe,2024-12-07,customer298@mail.com
CUST00299,Pinnacle Logistics,Corporate,India,Asia,2025-11-09,customer299@mail.com
CUST00300,James Lewis,E-Commerce,Egypt,Africa,2026-06-23,customer300@mail.com
CUST00301,Global Exports,Wholesale,Brazil,South America,2024-02-05,customer301@mail.com
CUST00302,Margaret Clark,Wholesale,South Korea,Asia,2023-05-27,customer302@mail.com
CUST00303,Matthew Sanchez,E-Commerce,South Africa,Africa,2023-03-28,customer303@mail.com
CUST00304,Jessica Wright,Government,Mexico,North America,2026-04-15,customer304@mail.com
CUST00305,Sarah Martin,Government,Australia,Oceania,2025-08-21,customer305@mail.com
CUST00306,Pioneer Partners,Wholesale,Australia,Oceania,2022-05-21,customer306@mail.com
CUST00307,Meridian Holdings,E-Commerce,Germany,Europe,2024-07-16,customer307@mail.com
CUST00308,Richard Perez,Wholesale,South Africa,Africa,2022-02-09,customer308@mail.com
CUST00309,Mary Lopez,E-Commerce,Canada,North America,2022-07-29,customer309@mail.com
CUST00310,Meridian Systems,Wholesale,Netherlands,Europe,2022-01-17,customer310@mail.com
CUST00311,Crescent Supply Co,Corporate,Mexico,North America,2023-12-02,customer311@mail.com
CUST00312,Priya Harris,Retail,Poland,Europe,2024-08-07,customer312@mail.com
CUST00313,Summit Logistics,Corporate,China,Asia,2023-06-30,customer313@mail.com
CUST00314,Barbara Wilson,E-Commerce,Mexico,North America,2026-09-20,customer314@mail.com
CUST00315,Global Traders,Wholesale,New Zealand,Oceania,2026-04-23,customer315@mail.com
CUST00316,Mark Taylor,Retail,Japan,Asia,2026-02-19,customer316@mail.com
CUST00317,Michael Wright,Wholesale,Italy,Europe,2025-09-25,customer317@mail.com
CUST00318,Zenith Solutions,Wholesale,Indonesia,Asia,2023-10-24,customer318@mail.com
CUST00319,Valentina Torres,Retail,Argentina,South America,2024-12-02,customer319@mail.com
CUST00320,Karen Wilson,Retail,Netherlands,Europe,2024-01-09,customer320@mail.com
CUST00321,Apex Supply Co,Corporate,Chile,South America,2025-07-20,customer321@mail.com
CUST00322,Atlas Holdings,Corporate,China,Asia,2022-09-03,customer322@mail.com
CUST00323,Prime Holdings,Corporate,Australia,Oceania,2026-05-24,customer323@mail.com
CUST00324,Lisa Garcia,Wholesale,South Africa,Africa,2023-05-25,customer324@mail.com
CUST00325,Momentum Freight,Retail,Indonesia,Asia,2026-04-05,customer325@mail.com
CUST00326,Summit Systems,Retail,Canada,North America,2025-01-03,customer326@mail.com
CUST00327,Chris Torres,E-Commerce,Germany,Europe,2026-06-03,customer327@mail.com
CUST00328,Diego Wilson,Corporate,Australia,Oceania,2022-02-13,customer328@mail.com
CUST00329,Thomas Williams,Corporate,India,Asia,2024-09-20,customer329@mail.com
CUST00330,Crescent Supply Co,Wholesale,UAE,Middle East,2025-03-06,customer330@mail.com
CUST00331,Meridian Distribution,Government,UAE,Middle East,2026-11-12,customer331@mail.com
CUST00332,Sterling Industries,E-Commerce,UAE,Middle East,2024-07-09,customer332@mail.com
CUST00333,Fusion Manufacturing,Government,New Zealand,Oceania,2022-01-02,customer333@mail.com
CUST00334,Mary Green,E-Commerce,Japan,Asia,2026-10-21,customer334@mail.com
CUST00335,Chris Jones,Government,Egypt,Africa,2025-09-10,customer335@mail.com
CUST00336,Sterling Enterprises,Government,New Zealand,Oceania,2024-10-15,customer336@mail.com
CUST00337,Chris Ramirez,E-Commerce,Germany,Europe,2025-08-05,customer337@mail.com
CUST00338,Nova Logistics,Wholesale,UK,Europe,2026-09-07,customer338@mail.com
CUST00339,Richard Miller,Wholesale,France,Europe,2024-09-21,customer339@mail.com
CUST00340,Titan Enterprises,Government,UK,Europe,2024-09-30,customer340@mail.com
CUST00341,Thomas Brown,Wholesale,Brazil,South America,2024-01-21,customer341@mail.com
CUST00342,James Anderson,Corporate,Brazil,South America,2025-09-04,customer342@mail.com
CUST00343,Prime Freight,Corporate,New Zealand,Oceania,2025-02-16,customer343@mail.com
CUST00344,Prime Partners,E-Commerce,New Zealand,Oceania,2025-06-17,customer344@mail.com
CUST00345,Nova Partners,Retail,Singapore,Asia,2023-09-15,customer345@mail.com
CUST00346,Michael Miller,Wholesale,Italy,Europe,2026-01-25,customer346@mail.com
CUST00347,Pioneer Exports,Wholesale,UAE,Middle East,2025-09-07,customer347@mail.com
CUST00348,Barbara Torres,Government,Saudi Arabia,Middle East,2026-03-15,customer348@mail.com
CUST00349,Liam Nguyen,Corporate,South Korea,Asia,2024-01-04,customer349@mail.com
CUST00350,Michael Hernandez,Wholesale,South Africa,Africa,2026-06-11,customer350@mail.com
CUST00351,Nancy Baker,Government,UAE,Middle East,2022-11-20,customer351@mail.com
CUST00352,Daniel Perez,E-Commerce,Brazil,South America,2025-01-31,customer352@mail.com
CUST00353,Liam Lewis,E-Commerce,India,Asia,2026-08-19,customer353@mail.com
CUST00354,Pinnacle Supply Co,Government,Brazil,South America,2024-02-08,customer354@mail.com
CUST00355,Meridian Manufacturing,Retail,Nigeria,Africa,2024-03-24,customer355@mail.com
CUST00356,Zenith Holdings,Government,Nigeria,Africa,2022-02-03,customer356@mail.com
CUST00357,Karen Smith,Wholesale,Germany,Europe,2023-09-08,customer357@mail.com
CUST00358,Mary Rivera,E-Commerce,Italy,Europe,2026-08-12,customer358@mail.com
CUST00359,Ahmed Nguyen,Retail,UAE,Middle East,2022-11-13,customer359@mail.com
CUST00360,Elizabeth Rodriguez,E-Commerce,Canada,North America,2023-06-27,customer360@mail.com
CUST00361,Atlas Networks,Retail,Saudi Arabia,Middle East,2023-09-08,customer361@mail.com
CUST00362,Pioneer Systems,E-Commerce,Saudi Arabia,Middle East,2022-06-08,customer362@mail.com
CUST00363,Priya Rivera,Government,Australia,Oceania,2025-12-10,customer363@mail.com
CUST00364,Carlos Nelson,Retail,New Zealand,Oceania,2023-09-08,customer364@mail.com
CUST00365,Matthew Garcia,Retail,Nigeria,Africa,2026-05-17,customer365@mail.com
CUST00366,Alliance Cargo Group,Retail,Egypt,Africa,2026-11-13,customer366@mail.com
CUST00367,Momentum Solutions,Corporate,Egypt,Africa,2022-01-24,customer367@mail.com
CUST00368,Prime Freight,Government,Canada,North America,2025-01-10,customer368@mail.com
CUST00369,Horizon Industries,Corporate,Germany,Europe,2022-04-14,customer369@mail.com
CUST00370,Ahmed King,Wholesale,Vietnam,Asia,2022-07-04,customer370@mail.com
CUST00371,Titan Industries,E-Commerce,South Korea,Asia,2022-09-28,customer371@mail.com
CUST00372,Valentina Brown,Corporate,Mexico,North America,2025-01-27,customer372@mail.com
CUST00373,Sterling Cargo Group,Wholesale,Netherlands,Europe,2026-05-04,customer373@mail.com
CUST00374,Pinnacle Supply Co,Corporate,Egypt,Africa,2024-09-26,customer374@mail.com
CUST00375,Hana Green,Government,Argentina,South America,2026-02-15,customer375@mail.com
CUST00376,Atlas Networks,E-Commerce,Spain,Europe,2024-05-30,customer376@mail.com
CUST00377,Jennifer Davis,Corporate,Chile,South America,2025-10-07,customer377@mail.com
CUST00378,Pioneer Freight,Government,South Korea,Asia,2023-12-07,customer378@mail.com
CUST00379,Zenith Industries,Government,Argentina,South America,2023-12-18,customer379@mail.com
CUST00380,Mark Green,Corporate,New Zealand,Oceania,2022-10-26,customer380@mail.com
CUST00381,Joseph Wilson,E-Commerce,Canada,North America,2025-11-04,customer381@mail.com
CUST00382,Jennifer Davis,Retail,Germany,Europe,2026-02-23,customer382@mail.com
CUST00383,Elizabeth Martin,E-Commerce,Spain,Europe,2022-01-29,customer383@mail.com
CUST00384,Karen Robinson,Retail,South Africa,Africa,2024-08-22,customer384@mail.com
CUST00385,Pinnacle Supply Co,Government,China,Asia,2023-02-22,customer385@mail.com
CUST00386,Hana Young,Wholesale,Singapore,Asia,2025-06-29,customer386@mail.com
CUST00387,Mary Sanchez,Government,South Africa,Africa,2025-04-08,customer387@mail.com
CUST00388,Prime Distribution,Government,Canada,North America,2023-02-16,customer388@mail.com
CUST00389,Global Traders,E-Commerce,Netherlands,Europe,2024-03-06,customer389@mail.com
CUST00390,Noah Harris,Retail,Chile,South America,2026-11-06,customer390@mail.com
CUST00391,Titan Supply Co,Government,USA,North America,2024-02-19,customer391@mail.com
CUST00392,Orion Manufacturing,Government,South Africa,Africa,2026-11-11,customer392@mail.com
CUST00393,Pioneer Exports,Government,UAE,Middle East,2024-07-26,customer393@mail.com
CUST00394,Horizon Solutions,E-Commerce,South Africa,Africa,2024-12-20,customer394@mail.com
CUST00395,Valentina Hernandez,E-Commerce,China,Asia,2022-02-07,customer395@mail.com
CUST00396,Zenith Supply Co,E-Commerce,Chile,South America,2024-10-23,customer396@mail.com
CUST00397,Atlas Solutions,Retail,Australia,Oceania,2024-03-03,customer397@mail.com
CUST00398,Joseph Martinez,Corporate,UAE,Middle East,2023-12-01,customer398@mail.com
CUST00399,Titan Exports,Government,Chile,South America,2025-10-20,customer399@mail.com
CUST00400,Anthony Taylor,Wholesale,Argentina,South America,2025-03-19,customer400@mail.com
CUST00401,Carlos Thompson,Government,South Korea,Asia,2024-07-08,customer401@mail.com
CUST00402,Summit Holdings,Wholesale,Germany,Europe,2025-01-13,customer402@mail.com
CUST00403,Sterling Solutions,Corporate,Germany,Europe,2022-10-04,customer403@mail.com
CUST00404,Catalyst Solutions,E-Commerce,Egypt,Africa,2022-11-20,customer404@mail.com
CUST00405,Diego Davis,E-Commerce,Mexico,North America,2023-01-13,customer405@mail.com
CUST00406,Diego Johnson,E-Commerce,New Zealand,Oceania,2026-04-17,customer406@mail.com
CUST00407,Karen Robinson,E-Commerce,South Korea,Asia,2026-03-08,customer407@mail.com
CUST00408,Michael Rodriguez,Retail,Germany,Europe,2023-01-14,customer408@mail.com
CUST00409,Sofia Jackson,Government,Egypt,Africa,2025-05-25,customer409@mail.com
CUST00410,Horizon Supply Co,Retail,Brazil,South America,2025-11-08,customer410@mail.com
CUST00411,Crescent Industries,Government,India,Asia,2024-10-25,customer411@mail.com
CUST00412,Lisa Lopez,Corporate,Indonesia,Asia,2026-10-12,customer412@mail.com
CUST00413,David Wilson,Retail,Indonesia,Asia,2023-04-09,customer413@mail.com
CUST00414,James Jackson,Wholesale,South Korea,Asia,2024-04-25,customer414@mail.com
CUST00415,Richard Anderson,Wholesale,Nigeria,Africa,2022-05-16,customer415@mail.com
CUST00416,Priya Rivera,Corporate,Vietnam,Asia,2023-10-28,customer416@mail.com
CUST00417,John Flores,Corporate,Spain,Europe,2026-02-14,customer417@mail.com
CUST00418,Momentum Systems,Government,Nigeria,Africa,2025-03-17,customer418@mail.com
CUST00419,Ana Williams,Retail,UAE,Middle East,2024-12-02,customer419@mail.com
CUST00420,John Taylor,Government,Vietnam,Asia,2024-11-28,customer420@mail.com
CUST00421,John Torres,Government,Japan,Asia,2024-03-04,customer421@mail.com
CUST00422,Patricia Wilson,Corporate,Egypt,Africa,2023-08-20,customer422@mail.com
CUST00423,Charles Walker,Corporate,Japan,Asia,2022-12-07,customer423@mail.com
CUST00424,Patricia Rivera,Wholesale,Poland,Europe,2024-11-24,customer424@mail.com
CUST00425,Mark Garcia,Government,Vietnam,Asia,2026-01-19,customer425@mail.com
CUST00426,Catalyst Solutions,Government,UK,Europe,2025-11-26,customer426@mail.com
CUST00427,Orion Manufacturing,Wholesale,Germany,Europe,2022-02-21,customer427@mail.com
CUST00428,Ana Wilson,Retail,Vietnam,Asia,2024-07-20,customer428@mail.com
CUST00429,Vertex Systems,Retail,Netherlands,Europe,2026-02-10,customer429@mail.com
CUST00430,Meridian Enterprises,Retail,Mexico,North America,2024-01-14,customer430@mail.com
CUST00431,Diego King,Wholesale,Singapore,Asia,2025-06-07,customer431@mail.com
CUST00432,John Hernandez,Government,Japan,Asia,2023-11-18,customer432@mail.com
CUST00433,David Martinez,Retail,Chile,South America,2023-01-02,customer433@mail.com
CUST00434,Meridian Distribution,Wholesale,South Korea,Asia,2025-07-06,customer434@mail.com
CUST00435,Richard Smith,E-Commerce,UK,Europe,2025-06-29,customer435@mail.com
CUST00436,Priya Scott,Retail,USA,North America,2026-07-12,customer436@mail.com
CUST00437,Jessica Anderson,Corporate,Brazil,South America,2025-04-20,customer437@mail.com
CUST00438,Jennifer Flores,Retail,Vietnam,Asia,2025-05-14,customer438@mail.com
CUST00439,Sarah Green,Government,Spain,Europe,2025-07-11,customer439@mail.com
CUST00440,Patricia Lopez,Retail,New Zealand,Oceania,2022-10-31,customer440@mail.com
CUST00441,Summit Partners,Government,Argentina,South America,2022-03-08,customer441@mail.com
CUST00442,Nancy Garcia,Retail,New Zealand,Oceania,2022-04-11,customer442@mail.com
CUST00443,David Hall,Government,South Korea,Asia,2023-08-06,customer443@mail.com
CUST00444,Carlos Nguyen,Government,Chile,South America,2026-06-01,customer444@mail.com
CUST00445,Valentina Hill,Retail,France,Europe,2024-01-08,customer445@mail.com
CUST00446,Chris Harris,Retail,Mexico,North America,2024-02-16,customer446@mail.com
CUST00447,Hana Jones,Corporate,Egypt,Africa,2023-08-23,customer447@mail.com
CUST00448,Atlas Freight,Corporate,Germany,Europe,2024-12-15,customer448@mail.com
CUST00449,Pioneer Holdings,Retail,Singapore,Asia,2022-04-30,customer449@mail.com
CUST00450,Liam Wright,Corporate,Saudi Arabia,Middle East,2022-06-29,customer450@mail.com
CUST00451,Ana Martin,Government,Nigeria,Africa,2024-05-24,customer451@mail.com
CUST00452,Catalyst Holdings,Wholesale,China,Asia,2023-12-26,customer452@mail.com
CUST00453,Mei Adams,Corporate,Brazil,South America,2024-10-16,customer453@mail.com
CUST00454,Momentum Supply Co,E-Commerce,Australia,Oceania,2025-12-22,customer454@mail.com
CUST00455,Global Manufacturing,Retail,Italy,Europe,2025-07-04,customer455@mail.com
CUST00456,Sofia Ramirez,Retail,Nigeria,Africa,2024-04-27,customer456@mail.com
CUST00457,Pioneer Logistics,Wholesale,China,Asia,2025-08-04,customer457@mail.com
CUST00458,Nova Distribution,Government,South Africa,Africa,2023-09-07,customer458@mail.com
CUST00459,Global Traders,E-Commerce,UAE,Middle East,2025-11-05,customer459@mail.com
CUST00460,Catalyst Holdings,Wholesale,China,Asia,2022-03-01,customer460@mail.com
CUST00461,Orion Solutions,Corporate,Italy,Europe,2025-10-09,customer461@mail.com
CUST00462,Olivia Rodriguez,Wholesale,Indonesia,Asia,2024-09-13,customer462@mail.com
CUST00463,Yuki Thompson,Corporate,Argentina,South America,2024-08-05,customer463@mail.com
CUST00464,Sterling Distribution,E-Commerce,Nigeria,Africa,2025-03-03,customer464@mail.com
CUST00465,Susan Nguyen,E-Commerce,UAE,Middle East,2025-11-04,customer465@mail.com
CUST00466,Daniel Jones,E-Commerce,Australia,Oceania,2022-11-02,customer466@mail.com
CUST00467,Titan Enterprises,Wholesale,New Zealand,Oceania,2024-12-30,customer467@mail.com
CUST00468,Barbara Flores,E-Commerce,Saudi Arabia,Middle East,2022-08-28,customer468@mail.com
CUST00469,Ana Williams,Corporate,South Africa,Africa,2023-07-11,customer469@mail.com
CUST00470,Jessica Harris,E-Commerce,Mexico,North America,2024-07-14,customer470@mail.com
CUST00471,Barbara Davis,Retail,Italy,Europe,2024-02-06,customer471@mail.com
CUST00472,Nova Manufacturing,Retail,Egypt,Africa,2024-11-02,customer472@mail.com
CUST00473,Wei Martinez,E-Commerce,Australia,Oceania,2023-01-25,customer473@mail.com
CUST00474,Mei Lee,E-Commerce,Indonesia,Asia,2026-05-08,customer474@mail.com
CUST00475,Michael Wright,Wholesale,Germany,Europe,2025-10-17,customer475@mail.com
CUST00476,Sandra Sanchez,Government,Italy,Europe,2026-01-01,customer476@mail.com
CUST00477,Prime Enterprises,Government,UK,Europe,2026-10-03,customer477@mail.com
CUST00478,Prime Traders,E-Commerce,Mexico,North America,2024-12-02,customer478@mail.com
CUST00479,Karen Adams,E-Commerce,USA,North America,2023-03-06,customer479@mail.com
CUST00480,Atlas Exports,Corporate,Italy,Europe,2023-10-16,customer480@mail.com
CUST00481,Summit Industries,Retail,Chile,South America,2023-07-15,customer481@mail.com
CUST00482,Hana King,Wholesale,USA,North America,2022-07-29,customer482@mail.com
CUST00483,Orion Distribution,E-Commerce,UAE,Middle East,2022-10-17,customer483@mail.com
CUST00484,Nova Distribution,E-Commerce,Saudi Arabia,Middle East,2025-06-09,customer484@mail.com
CUST00485,William Johnson,Retail,UAE,Middle East,2024-08-22,customer485@mail.com
CUST00486,Nova Cargo Group,Wholesale,UK,Europe,2024-03-13,customer486@mail.com
CUST00487,Fatima Adams,Corporate,South Africa,Africa,2026-09-09,customer487@mail.com
CUST00488,Orion Partners,Government,Brazil,South America,2023-02-10,customer488@mail.com
CUST00489,Sandra Nguyen,Retail,Mexico,North America,2022-09-27,customer489@mail.com
CUST00490,Lucas Walker,Corporate,New Zealand,Oceania,2022-07-19,customer490@mail.com
CUST00491,Ana Walker,Wholesale,Poland,Europe,2024-08-21,customer491@mail.com
CUST00492,Momentum Distribution,Corporate,Spain,Europe,2024-01-15,customer492@mail.com
CUST00493,Noah Thompson,E-Commerce,France,Europe,2026-06-04,customer493@mail.com
CUST00494,Robert Young,E-Commerce,Vietnam,Asia,2022-08-20,customer494@mail.com
CUST00495,David Martin,E-Commerce,Indonesia,Asia,2026-04-22,customer495@mail.com
CUST00496,Wei Miller,Retail,Brazil,South America,2024-04-10,customer496@mail.com
CUST00497,Robert Lee,Corporate,China,Asia,2024-12-27,customer497@mail.com
CUST00498,Jessica Green,Government,Japan,Asia,2023-05-15,customer498@mail.com
CUST00499,Matthew Jones,Wholesale,France,Europe,2023-11-29,customer499@mail.com
CUST00500,Margaret Lewis,E-Commerce,New Zealand,Oceania,2025-03-07,customer500@mail.com
CUST00501,Barbara Baker,Retail,UAE,Middle East,2025-10-03,customer501@mail.com
CUST00502,Ahmed Allen,Government,Nigeria,Africa,2022-08-23,customer502@mail.com
CUST00503,Hana Miller,Corporate,Brazil,South America,2026-08-11,customer503@mail.com
CUST00504,Titan Traders,Retail,France,Europe,2025-05-10,customer504@mail.com
CUST00505,Matthew Perez,Retail,Chile,South America,2024-10-09,customer505@mail.com
CUST00506,Summit Solutions,Retail,Mexico,North America,2025-04-04,customer506@mail.com
CUST00507,Summit Manufacturing,E-Commerce,Egypt,Africa,2024-12-24,customer507@mail.com
CUST00508,Mark Wilson,E-Commerce,Japan,Asia,2023-02-26,customer508@mail.com
CUST00509,Emma Lee,E-Commerce,Poland,Europe,2024-06-09,customer509@mail.com
CUST00510,Sofia King,Wholesale,Mexico,North America,2024-04-07,customer510@mail.com
CUST00511,Pinnacle Logistics,Government,Poland,Europe,2022-01-02,customer511@mail.com
CUST00512,Linda Martin,Retail,New Zealand,Oceania,2026-11-08,customer512@mail.com
CUST00513,Fatima Clark,E-Commerce,Spain,Europe,2025-07-04,customer513@mail.com
CUST00514,Titan Cargo Group,Wholesale,South Africa,Africa,2025-01-21,customer514@mail.com
CUST00515,Summit Supply Co,Corporate,Chile,South America,2025-02-11,customer515@mail.com
CUST00516,Anthony Martinez,Wholesale,New Zealand,Oceania,2023-08-14,customer516@mail.com
CUST00517,Global Industries,Corporate,Germany,Europe,2026-01-17,customer517@mail.com
CUST00518,William Garcia,Corporate,Chile,South America,2022-10-09,customer518@mail.com
CUST00519,Lucas Flores,Government,Vietnam,Asia,2024-05-21,customer519@mail.com
CUST00520,Margaret Torres,Corporate,France,Europe,2026-08-07,customer520@mail.com
CUST00521,Vertex Cargo Group,Retail,Japan,Asia,2025-05-23,customer521@mail.com
CUST00522,Diego Taylor,Government,Saudi Arabia,Middle East,2025-12-29,customer522@mail.com
CUST00523,Yuki Nguyen,Retail,Netherlands,Europe,2024-01-22,customer523@mail.com
CUST00524,Ana Harris,Government,Canada,North America,2022-08-20,customer524@mail.com
CUST00525,Jennifer Martinez,Government,Indonesia,Asia,2026-02-04,customer525@mail.com
CUST00526,Sandra Wright,Government,Egypt,Africa,2022-06-10,customer526@mail.com
CUST00527,Crescent Enterprises,Retail,Brazil,South America,2026-02-27,customer527@mail.com
CUST00528,Fatima Lee,Retail,Chile,South America,2025-06-09,customer528@mail.com
CUST00529,James Young,Government,China,Asia,2024-07-18,customer529@mail.com
CUST00530,Nancy Ramirez,E-Commerce,Indonesia,Asia,2023-12-24,customer530@mail.com
CUST00531,Momentum Systems,Government,Poland,Europe,2023-09-15,customer531@mail.com
CUST00532,Crescent Holdings,Government,Netherlands,Europe,2022-12-13,customer532@mail.com
CUST00533,Charles Green,E-Commerce,Canada,North America,2022-02-25,customer533@mail.com
CUST00534,Sterling Traders,E-Commerce,Indonesia,Asia,2026-10-10,customer534@mail.com
CUST00535,Atlas Distribution,E-Commerce,Netherlands,Europe,2026-10-23,customer535@mail.com
CUST00536,Carlos Lopez,Wholesale,USA,North America,2025-04-26,customer536@mail.com
CUST00537,Barbara Moore,Wholesale,Chile,South America,2026-05-22,customer537@mail.com
CUST00538,Sterling Partners,E-Commerce,Indonesia,Asia,2022-03-09,customer538@mail.com
CUST00539,Carlos Martinez,Corporate,Mexico,North America,2026-09-12,customer539@mail.com
CUST00540,Matthew Taylor,Corporate,Egypt,Africa,2025-09-15,customer540@mail.com
CUST00541,Susan Nguyen,E-Commerce,Nigeria,Africa,2026-02-12,customer541@mail.com
CUST00542,Linda Brown,Corporate,Canada,North America,2022-12-10,customer542@mail.com
CUST00543,Rahul Scott,Corporate,Japan,Asia,2023-04-24,customer543@mail.com
CUST00544,Rahul Moore,Government,Chile,South America,2022-10-25,customer544@mail.com
CUST00545,Meridian Cargo Group,E-Commerce,South Korea,Asia,2025-10-21,customer545@mail.com
CUST00546,John Miller,E-Commerce,Singapore,Asia,2024-12-24,customer546@mail.com
CUST00547,Olivia Jackson,E-Commerce,South Korea,Asia,2023-11-18,customer547@mail.com
CUST00548,Thomas Nelson,Corporate,Netherlands,Europe,2025-04-11,customer548@mail.com
CUST00549,Valentina Taylor,Government,Vietnam,Asia,2026-02-12,customer549@mail.com
CUST00550,Orion Enterprises,Wholesale,Egypt,Africa,2025-11-14,customer550@mail.com
CUST00551,Emma Smith,Retail,China,Asia,2026-08-31,customer551@mail.com
CUST00552,Mei Miller,Corporate,USA,North America,2025-11-04,customer552@mail.com
CUST00553,Zenith Distribution,Retail,India,Asia,2023-01-31,customer553@mail.com
CUST00554,Patricia Flores,Wholesale,USA,North America,2025-09-06,customer554@mail.com
CUST00555,Ana Davis,Government,Brazil,South America,2022-06-26,customer555@mail.com
CUST00556,Catalyst Networks,Retail,Germany,Europe,2023-01-14,customer556@mail.com
CUST00557,Zenith Manufacturing,Retail,South Africa,Africa,2025-09-14,customer557@mail.com
CUST00558,Sarah Lewis,E-Commerce,Argentina,South America,2025-11-18,customer558@mail.com
CUST00559,Nova Distribution,Retail,Netherlands,Europe,2026-05-11,customer559@mail.com
CUST00560,Prime Distribution,E-Commerce,Japan,Asia,2026-07-23,customer560@mail.com
CUST00561,Priya Wilson,Corporate,France,Europe,2025-06-03,customer561@mail.com
CUST00562,Michael Martinez,Corporate,France,Europe,2025-01-12,customer562@mail.com
CUST00563,Michael Robinson,E-Commerce,Italy,Europe,2026-01-05,customer563@mail.com
CUST00564,Nova Holdings,E-Commerce,UK,Europe,2026-01-30,customer564@mail.com
CUST00565,Priya Martinez,Retail,Egypt,Africa,2025-08-30,customer565@mail.com
CUST00566,Sarah Martinez,E-Commerce,Canada,North America,2025-12-04,customer566@mail.com
CUST00567,Wei Campbell,Corporate,Japan,Asia,2026-04-28,customer567@mail.com
CUST00568,Diego Jones,Wholesale,Indonesia,Asia,2025-01-11,customer568@mail.com
CUST00569,Crescent Traders,Government,USA,North America,2025-03-07,customer569@mail.com
CUST00570,Zenith Cargo Group,Retail,India,Asia,2022-04-24,customer570@mail.com
CUST00571,Nancy Garcia,Corporate,India,Asia,2026-09-19,customer571@mail.com
CUST00572,Olivia Wilson,Government,Egypt,Africa,2022-12-28,customer572@mail.com
CUST00573,Noah Wilson,Corporate,Canada,North America,2023-09-05,customer573@mail.com
CUST00574,Daniel Allen,Corporate,UK,Europe,2022-06-23,customer574@mail.com
CUST00575,Prime Supply Co,Government,Nigeria,Africa,2022-02-21,customer575@mail.com
CUST00576,Robert Scott,E-Commerce,Spain,Europe,2025-08-10,customer576@mail.com
CUST00577,Mark Johnson,E-Commerce,Indonesia,Asia,2022-03-17,customer577@mail.com
CUST00578,Prime Cargo Group,Wholesale,Canada,North America,2022-08-31,customer578@mail.com
CUST00579,Mei Walker,Government,Australia,Oceania,2025-10-20,customer579@mail.com
CUST00580,Joseph Jones,Wholesale,Germany,Europe,2022-03-17,customer580@mail.com
CUST00581,Rahul Green,Wholesale,Indonesia,Asia,2022-04-04,customer581@mail.com
CUST00582,James Lopez,Retail,South Africa,Africa,2025-07-19,customer582@mail.com
CUST00583,Michael Walker,Wholesale,Poland,Europe,2025-06-05,customer583@mail.com
CUST00584,Michael Davis,Government,New Zealand,Oceania,2024-10-15,customer584@mail.com
CUST00585,Robert Wilson,E-Commerce,Australia,Oceania,2024-05-22,customer585@mail.com
CUST00586,Valentina Hall,E-Commerce,Australia,Oceania,2024-04-03,customer586@mail.com
CUST00587,Ahmed Scott,E-Commerce,UK,Europe,2022-10-09,customer587@mail.com
CUST00588,Susan Williams,Wholesale,New Zealand,Oceania,2025-04-29,customer588@mail.com
CUST00589,Atlas Industries,Corporate,China,Asia,2026-04-01,customer589@mail.com
CUST00590,Hana Hernandez,Wholesale,France,Europe,2024-06-17,customer590@mail.com
CUST00591,Apex Networks,Government,Saudi Arabia,Middle East,2026-10-02,customer591@mail.com
CUST00592,Mary Allen,Retail,Japan,Asia,2022-06-15,customer592@mail.com
CUST00593,Nova Systems,Government,USA,North America,2025-08-27,customer593@mail.com
CUST00594,Rahul Rivera,Wholesale,Poland,Europe,2022-09-17,customer594@mail.com
CUST00595,Mei Robinson,Wholesale,Germany,Europe,2024-04-23,customer595@mail.com
CUST00596,John Flores,Corporate,France,Europe,2023-01-04,customer596@mail.com
CUST00597,Liam Lee,Corporate,Brazil,South America,2023-12-14,customer597@mail.com
CUST00598,Richard Davis,Retail,USA,North America,2024-12-21,customer598@mail.com
CUST00599,Pinnacle Exports,Corporate,Brazil,South America,2023-03-26,customer599@mail.com
CUST00600,Susan Jackson,Wholesale,Egypt,Africa,2022-04-19,customer600@mail.com
CUST00601,Emma Young,Wholesale,UK,Europe,2024-10-15,customer601@mail.com
CUST00602,John Brown,E-Commerce,France,Europe,2025-08-13,customer602@mail.com
CUST00603,Atlas Freight,Corporate,Poland,Europe,2025-06-17,customer603@mail.com
CUST00604,Prime Solutions,Wholesale,Canada,North America,2025-01-05,customer604@mail.com
CUST00605,Priya King,Retail,France,Europe,2022-08-26,customer605@mail.com
CUST00606,Fatima Hill,Corporate,Spain,Europe,2023-10-30,customer606@mail.com
CUST00607,Chris Thomas,Retail,Italy,Europe,2026-05-15,customer607@mail.com
CUST00608,Horizon Systems,Wholesale,China,Asia,2024-04-24,customer608@mail.com
CUST00609,Robert Young,Corporate,Japan,Asia,2025-04-13,customer609@mail.com
CUST00610,Elizabeth Anderson,Corporate,Canada,North America,2025-06-02,customer610@mail.com
CUST00611,Summit Manufacturing,Wholesale,France,Europe,2026-01-14,customer611@mail.com
CUST00612,Atlas Supply Co,Wholesale,Argentina,South America,2023-11-19,customer612@mail.com
CUST00613,Patricia Jackson,Retail,Canada,North America,2022-10-07,customer613@mail.com
CUST00614,David Thompson,E-Commerce,Vietnam,Asia,2023-03-27,customer614@mail.com
CUST00615,Momentum Solutions,Government,Brazil,South America,2022-12-15,customer615@mail.com
CUST00616,Jennifer Ramirez,Government,UAE,Middle East,2026-10-22,customer616@mail.com
CUST00617,Susan Hill,Corporate,Indonesia,Asia,2024-08-27,customer617@mail.com
CUST00618,Alliance Systems,Wholesale,Netherlands,Europe,2026-11-23,customer618@mail.com
CUST00619,Catalyst Supply Co,Wholesale,Spain,Europe,2025-04-26,customer619@mail.com
CUST00620,Anthony Williams,Corporate,Saudi Arabia,Middle East,2022-03-24,customer620@mail.com
CUST00621,John Lewis,Corporate,Nigeria,Africa,2024-12-23,customer621@mail.com
CUST00622,Lucas Miller,Corporate,Indonesia,Asia,2024-07-15,customer622@mail.com
CUST00623,Global Systems,Corporate,Spain,Europe,2026-02-07,customer623@mail.com
CUST00624,Zenith Supply Co,Retail,Italy,Europe,2025-08-19,customer624@mail.com
CUST00625,Karen Hernandez,Corporate,USA,North America,2025-12-11,customer625@mail.com
CUST00626,Mary Walker,Wholesale,Saudi Arabia,Middle East,2024-08-07,customer626@mail.com
CUST00627,Lisa Adams,Retail,South Africa,Africa,2024-08-08,customer627@mail.com
CUST00628,Orion Exports,E-Commerce,Argentina,South America,2022-03-08,customer628@mail.com
CUST00629,Lucas Green,Government,South Korea,Asia,2025-01-15,customer629@mail.com
CUST00630,Nova Holdings,Retail,Australia,Oceania,2023-11-19,customer630@mail.com
CUST00631,Emma Harris,Retail,Singapore,Asia,2022-04-16,customer631@mail.com
CUST00632,Momentum Logistics,E-Commerce,Japan,Asia,2024-01-19,customer632@mail.com
CUST00633,Ana Jones,Wholesale,France,Europe,2025-02-22,customer633@mail.com
CUST00634,Jessica Scott,Corporate,Germany,Europe,2022-08-21,customer634@mail.com
CUST00635,Fatima Rivera,Wholesale,Nigeria,Africa,2023-03-06,customer635@mail.com
CUST00636,Atlas Exports,Corporate,China,Asia,2025-10-25,customer636@mail.com
CUST00637,Fusion Freight,Corporate,Netherlands,Europe,2024-07-15,customer637@mail.com
CUST00638,Linda Young,Government,Singapore,Asia,2025-12-24,customer638@mail.com
CUST00639,Charles Robinson,E-Commerce,Chile,South America,2025-06-25,customer639@mail.com
CUST00640,Lucas Jones,Corporate,Australia,Oceania,2023-01-21,customer640@mail.com
CUST00641,Vertex Distribution,Retail,Mexico,North America,2022-06-07,customer641@mail.com
CUST00642,Summit Manufacturing,Wholesale,France,Europe,2022-11-05,customer642@mail.com
CUST00643,Mary Martin,Government,Singapore,Asia,2024-05-03,customer643@mail.com
CUST00644,Anthony Robinson,Retail,Germany,Europe,2026-02-19,customer644@mail.com
CUST00645,Global Partners,Wholesale,Poland,Europe,2026-07-01,customer645@mail.com
CUST00646,Olivia Thompson,Government,New Zealand,Oceania,2024-04-23,customer646@mail.com
CUST00647,Chris Allen,Government,China,Asia,2025-04-30,customer647@mail.com
CUST00648,Sandra Lee,Wholesale,New Zealand,Oceania,2025-03-07,customer648@mail.com
CUST00649,Atlas Supply Co,E-Commerce,Australia,Oceania,2024-09-18,customer649@mail.com
CUST00650,Patricia Martinez,E-Commerce,Poland,Europe,2023-12-25,customer650@mail.com
CUST00651,Sofia Hernandez,Government,Vietnam,Asia,2025-12-28,customer651@mail.com
CUST00652,Vertex Partners,Wholesale,Poland,Europe,2025-12-21,customer652@mail.com
CUST00653,Prime Freight,Wholesale,France,Europe,2025-03-22,customer653@mail.com
CUST00654,Vertex Supply Co,Retail,Vietnam,Asia,2025-02-25,customer654@mail.com
CUST00655,Fusion Industries,Corporate,Chile,South America,2024-02-03,customer655@mail.com
CUST00656,Yuki Lee,Retail,UAE,Middle East,2022-09-06,customer656@mail.com
CUST00657,Elizabeth Walker,Wholesale,Japan,Asia,2023-10-18,customer657@mail.com
CUST00658,Yuki King,E-Commerce,USA,North America,2023-11-10,customer658@mail.com
CUST00659,Ahmed Baker,Government,Indonesia,Asia,2022-10-29,customer659@mail.com
CUST00660,Mark Thompson,Retail,Nigeria,Africa,2025-11-12,customer660@mail.com
CUST00661,John Rodriguez,Government,Nigeria,Africa,2025-10-20,customer661@mail.com
CUST00662,Titan Holdings,Wholesale,UK,Europe,2026-09-19,customer662@mail.com
CUST00663,Orion Logistics,Wholesale,Vietnam,Asia,2025-05-30,customer663@mail.com
CUST00664,Sarah Wilson,Retail,Saudi Arabia,Middle East,2022-02-16,customer664@mail.com
CUST00665,Emma Baker,Government,UAE,Middle East,2022-06-28,customer665@mail.com
CUST00666,Orion Holdings,Government,Japan,Asia,2025-05-24,customer666@mail.com
CUST00667,Lisa Clark,Corporate,Canada,North America,2022-10-30,customer667@mail.com
CUST00668,Global Distribution,E-Commerce,India,Asia,2023-12-08,customer668@mail.com
CUST00669,Hana Garcia,Corporate,Poland,Europe,2023-03-18,customer669@mail.com
CUST00670,Mark Martin,Corporate,Nigeria,Africa,2022-12-02,customer670@mail.com
CUST00671,William Hill,Retail,Nigeria,Africa,2025-05-09,customer671@mail.com
CUST00672,Crescent Partners,E-Commerce,Germany,Europe,2024-12-11,customer672@mail.com
CUST00673,Fatima Sanchez,Retail,Mexico,North America,2022-07-01,customer673@mail.com
CUST00674,Sarah Ramirez,Government,South Korea,Asia,2022-12-25,customer674@mail.com
CUST00675,William Wilson,Corporate,Vietnam,Asia,2023-01-16,customer675@mail.com
CUST00676,John Lee,Government,Poland,Europe,2026-09-06,customer676@mail.com
CUST00677,Valentina Walker,Retail,Poland,Europe,2023-04-05,customer677@mail.com
CUST00678,Atlas Distribution,Corporate,Australia,Oceania,2025-08-04,customer678@mail.com
CUST00679,Charles Ramirez,Corporate,UK,Europe,2023-01-03,customer679@mail.com
CUST00680,Mary Davis,E-Commerce,South Africa,Africa,2026-04-16,customer680@mail.com
CUST00681,Robert Flores,E-Commerce,Indonesia,Asia,2026-03-07,customer681@mail.com
CUST00682,Margaret Moore,Corporate,Saudi Arabia,Middle East,2025-07-10,customer682@mail.com
CUST00683,Lisa King,Government,South Africa,Africa,2026-02-10,customer683@mail.com
CUST00684,David Hill,Wholesale,USA,North America,2022-04-30,customer684@mail.com
CUST00685,Lucas Rodriguez,Wholesale,China,Asia,2024-01-02,customer685@mail.com
CUST00686,Alliance Enterprises,Retail,Canada,North America,2023-12-31,customer686@mail.com
CUST00687,Nova Exports,Wholesale,Poland,Europe,2023-02-01,customer687@mail.com
CUST00688,Vertex Exports,E-Commerce,Egypt,Africa,2023-10-23,customer688@mail.com
CUST00689,Karen Jackson,E-Commerce,New Zealand,Oceania,2025-11-04,customer689@mail.com
CUST00690,Daniel Martinez,Wholesale,UK,Europe,2022-01-27,customer690@mail.com
CUST00691,Crescent Cargo Group,Wholesale,Singapore,Asia,2023-11-28,customer691@mail.com
CUST00692,Sterling Supply Co,Wholesale,UK,Europe,2026-08-31,customer692@mail.com
CUST00693,Sofia Rivera,Government,Australia,Oceania,2026-08-30,customer693@mail.com
CUST00694,Lucas Davis,Corporate,UAE,Middle East,2024-05-04,customer694@mail.com
CUST00695,Summit Solutions,Corporate,Mexico,North America,2022-02-05,customer695@mail.com
CUST00696,Fusion Industries,Corporate,India,Asia,2026-08-01,customer696@mail.com
CUST00697,Nancy Lopez,E-Commerce,Brazil,South America,2025-12-24,customer697@mail.com
CUST00698,Linda Thomas,Wholesale,USA,North America,2022-09-21,customer698@mail.com
CUST00699,Summit Supply Co,Retail,South Africa,Africa,2022-09-24,customer699@mail.com
CUST00700,Linda Jones,Corporate,South Korea,Asia,2022-02-08,customer700@mail.com
CUST00701,Richard Miller,Government,Egypt,Africa,2022-03-09,customer701@mail.com
CUST00702,Apex Solutions,Retail,Saudi Arabia,Middle East,2023-06-03,customer702@mail.com
CUST00703,Global Networks,Retail,Mexico,North America,2022-07-17,customer703@mail.com
CUST00704,Pioneer Industries,E-Commerce,Brazil,South America,2025-10-05,customer704@mail.com
CUST00705,Atlas Holdings,E-Commerce,USA,North America,2023-12-14,customer705@mail.com
CUST00706,Diego Green,Government,France,Europe,2023-05-11,customer706@mail.com
CUST00707,Catalyst Networks,Government,Saudi Arabia,Middle East,2022-01-29,customer707@mail.com
CUST00708,Charles Hernandez,Government,Italy,Europe,2026-03-25,customer708@mail.com
CUST00709,Michael Anderson,Corporate,USA,North America,2024-10-29,customer709@mail.com
CUST00710,Barbara Robinson,Retail,India,Asia,2025-10-11,customer710@mail.com
CUST00711,Matthew Lewis,Government,France,Europe,2023-03-15,customer711@mail.com
CUST00712,Chris Davis,Retail,Spain,Europe,2024-08-12,customer712@mail.com
CUST00713,Fusion Systems,Government,Singapore,Asia,2023-08-14,customer713@mail.com
CUST00714,Orion Manufacturing,Corporate,Nigeria,Africa,2022-08-25,customer714@mail.com
CUST00715,Valentina Lee,Corporate,Poland,Europe,2025-11-08,customer715@mail.com
CUST00716,Charles Lewis,Retail,Spain,Europe,2023-01-22,customer716@mail.com
CUST00717,Emma Harris,Retail,New Zealand,Oceania,2023-01-03,customer717@mail.com
CUST00718,Michael Clark,Government,Chile,South America,2024-06-16,customer718@mail.com
CUST00719,Linda Martinez,Corporate,Chile,South America,2024-03-19,customer719@mail.com
CUST00720,Michael Hernandez,E-Commerce,South Africa,Africa,2022-05-13,customer720@mail.com
CUST00721,Momentum Partners,Retail,Italy,Europe,2024-04-07,customer721@mail.com
CUST00722,Diego Allen,Government,Spain,Europe,2023-07-25,customer722@mail.com
CUST00723,Titan Freight,Government,Saudi Arabia,Middle East,2024-09-01,customer723@mail.com
CUST00724,Wei Jackson,Corporate,Japan,Asia,2022-10-29,customer724@mail.com
CUST00725,Crescent Manufacturing,Wholesale,UK,Europe,2023-04-18,customer725@mail.com
CUST00726,Prime Partners,Corporate,USA,North America,2022-05-20,customer726@mail.com
CUST00727,Vertex Cargo Group,E-Commerce,Chile,South America,2025-05-23,customer727@mail.com
CUST00728,Momentum Traders,Retail,Germany,Europe,2026-04-06,customer728@mail.com
CUST00729,Priya Walker,E-Commerce,Chile,South America,2023-02-18,customer729@mail.com
CUST00730,Wei Moore,E-Commerce,Chile,South America,2025-01-15,customer730@mail.com
CUST00731,Yuki Johnson,Retail,Australia,Oceania,2026-04-14,customer731@mail.com
CUST00732,Linda Sanchez,E-Commerce,South Korea,Asia,2024-07-10,customer732@mail.com
CUST00733,John Williams,Government,Japan,Asia,2022-12-29,customer733@mail.com
CUST00734,Karen Campbell,Corporate,Chile,South America,2022-12-03,customer734@mail.com
CUST00735,Titan Manufacturing,Retail,South Korea,Asia,2026-04-14,customer735@mail.com
CUST00736,Noah Torres,Government,Saudi Arabia,Middle East,2025-11-04,customer736@mail.com
CUST00737,Hana Hernandez,Retail,Saudi Arabia,Middle East,2024-11-03,customer737@mail.com
CUST00738,Catalyst Cargo Group,E-Commerce,Japan,Asia,2025-06-17,customer738@mail.com
CUST00739,Chris Brown,Government,Egypt,Africa,2022-02-27,customer739@mail.com
CUST00740,Fusion Freight,Government,Canada,North America,2026-07-16,customer740@mail.com
CUST00741,Liam Thompson,Retail,USA,North America,2024-02-19,customer741@mail.com
CUST00742,Fusion Cargo Group,Retail,South Korea,Asia,2023-12-21,customer742@mail.com
CUST00743,Horizon Enterprises,Government,Chile,South America,2023-10-02,customer743@mail.com
CUST00744,Robert Lee,E-Commerce,Mexico,North America,2022-08-23,customer744@mail.com
CUST00745,Orion Logistics,Corporate,France,Europe,2024-08-01,customer745@mail.com
CUST00746,Anthony Jackson,Corporate,Saudi Arabia,Middle East,2022-02-11,customer746@mail.com
CUST00747,Orion Cargo Group,Corporate,Saudi Arabia,Middle East,2025-03-14,customer747@mail.com
CUST00748,Priya Miller,Wholesale,China,Asia,2025-11-15,customer748@mail.com
CUST00749,Noah Thompson,Government,China,Asia,2022-12-08,customer749@mail.com
CUST00750,Alliance Supply Co,Retail,Poland,Europe,2024-10-14,customer750@mail.com
CUST00751,Susan Martin,Retail,New Zealand,Oceania,2023-06-28,customer751@mail.com
CUST00752,Betty Thomas,Retail,Poland,Europe,2025-07-03,customer752@mail.com
CUST00753,Michael Hill,E-Commerce,South Africa,Africa,2023-11-21,customer753@mail.com
CUST00754,Mei Young,Wholesale,Mexico,North America,2024-05-24,customer754@mail.com
CUST00755,Olivia Lee,E-Commerce,India,Asia,2024-10-30,customer755@mail.com
CUST00756,Chris Wilson,Corporate,South Korea,Asia,2024-04-28,customer756@mail.com
CUST00757,Sandra Baker,Government,Netherlands,Europe,2026-04-13,customer757@mail.com
CUST00758,Liam Campbell,Wholesale,France,Europe,2024-11-23,customer758@mail.com
CUST00759,Noah Walker,Government,Saudi Arabia,Middle East,2023-07-03,customer759@mail.com
CUST00760,Margaret Nguyen,Retail,Australia,Oceania,2026-01-28,customer760@mail.com
CUST00761,Meridian Industries,Wholesale,Singapore,Asia,2023-05-08,customer761@mail.com
CUST00762,Karen Lewis,E-Commerce,Nigeria,Africa,2024-04-20,customer762@mail.com
CUST00763,Liam Anderson,Corporate,New Zealand,Oceania,2026-09-29,customer763@mail.com
CUST00764,Olivia Hernandez,Government,Netherlands,Europe,2023-06-10,customer764@mail.com
CUST00765,Linda Martinez,Retail,Spain,Europe,2023-01-29,customer765@mail.com
CUST00766,Karen Walker,Government,Spain,Europe,2024-09-21,customer766@mail.com
CUST00767,John Wilson,E-Commerce,South Korea,Asia,2022-11-23,customer767@mail.com
CUST00768,Atlas Enterprises,Wholesale,Germany,Europe,2025-02-01,customer768@mail.com
CUST00769,Diego Allen,Retail,Argentina,South America,2026-05-22,customer769@mail.com
CUST00770,Jennifer Perez,E-Commerce,Canada,North America,2025-05-17,customer770@mail.com
CUST00771,Anthony Harris,Retail,Mexico,North America,2025-10-07,customer771@mail.com
CUST00772,Diego Rodriguez,Retail,Japan,Asia,2023-04-29,customer772@mail.com
CUST00773,Linda Wright,Government,Saudi Arabia,Middle East,2025-09-22,customer773@mail.com
CUST00774,Thomas Allen,Wholesale,Egypt,Africa,2022-07-04,customer774@mail.com
CUST00775,Orion Freight,Government,Brazil,South America,2026-09-01,customer775@mail.com
CUST00776,Horizon Solutions,Wholesale,Nigeria,Africa,2024-05-16,customer776@mail.com
CUST00777,Pioneer Distribution,Corporate,Germany,Europe,2024-06-19,customer777@mail.com
CUST00778,Patricia Allen,E-Commerce,Netherlands,Europe,2024-12-28,customer778@mail.com
CUST00779,Chris Scott,Corporate,South Africa,Africa,2024-05-17,customer779@mail.com
CUST00780,Atlas Solutions,Wholesale,Chile,South America,2026-05-26,customer780@mail.com
CUST00781,Lisa Lee,Government,India,Asia,2022-02-13,customer781@mail.com
CUST00782,Noah Brown,Wholesale,Canada,North America,2025-11-15,customer782@mail.com
CUST00783,Karen Adams,E-Commerce,Netherlands,Europe,2025-12-05,customer783@mail.com
CUST00784,Yuki Taylor,Corporate,Australia,Oceania,2026-10-23,customer784@mail.com
CUST00785,Titan Solutions,E-Commerce,Japan,Asia,2023-06-08,customer785@mail.com
CUST00786,Jessica Lee,Wholesale,Mexico,North America,2023-03-07,customer786@mail.com
CUST00787,Olivia Ramirez,Retail,Vietnam,Asia,2026-06-05,customer787@mail.com
CUST00788,Priya Young,Corporate,Netherlands,Europe,2026-02-18,customer788@mail.com
CUST00789,Alliance Solutions,Retail,New Zealand,Oceania,2026-08-07,customer789@mail.com
CUST00790,Atlas Exports,E-Commerce,New Zealand,Oceania,2022-05-16,customer790@mail.com
CUST00791,Hana Perez,Retail,South Korea,Asia,2024-07-17,customer791@mail.com
CUST00792,Vertex Enterprises,Wholesale,Egypt,Africa,2024-06-27,customer792@mail.com
CUST00793,Liam Lee,Government,USA,North America,2023-10-05,customer793@mail.com
CUST00794,Horizon Exports,Wholesale,Mexico,North America,2026-01-01,customer794@mail.com
CUST00795,Chris Robinson,Wholesale,Brazil,South America,2024-09-06,customer795@mail.com
CUST00796,Catalyst Partners,E-Commerce,Netherlands,Europe,2023-11-02,customer796@mail.com
CUST00797,Fusion Industries,Corporate,Italy,Europe,2024-03-16,customer797@mail.com
CUST00798,Joseph Johnson,Government,New Zealand,Oceania,2022-02-17,customer798@mail.com
CUST00799,Joseph Garcia,Wholesale,Argentina,South America,2024-08-05,customer799@mail.com
CUST00800,David Brown,Government,Netherlands,Europe,2024-04-01,customer800@mail.com
CUST00801,Elizabeth Garcia,Wholesale,South Korea,Asia,2024-01-24,customer801@mail.com
CUST00802,Sterling Cargo Group,Corporate,Saudi Arabia,Middle East,2026-05-03,customer802@mail.com
CUST00803,Linda Thomas,Wholesale,New Zealand,Oceania,2026-01-01,customer803@mail.com
CUST00804,Sarah Martin,Corporate,Italy,Europe,2026-03-09,customer804@mail.com
CUST00805,Pioneer Holdings,E-Commerce,Japan,Asia,2023-03-18,customer805@mail.com
CUST00806,Anthony Lopez,Wholesale,Nigeria,Africa,2024-04-16,customer806@mail.com
CUST00807,Atlas Supply Co,Corporate,USA,North America,2025-06-19,customer807@mail.com
CUST00808,Meridian Traders,Corporate,Spain,Europe,2022-01-22,customer808@mail.com
CUST00809,Lucas Clark,Wholesale,Germany,Europe,2025-11-07,customer809@mail.com
CUST00810,Alliance Systems,E-Commerce,South Africa,Africa,2025-05-08,customer810@mail.com
CUST00811,Prime Logistics,Wholesale,Mexico,North America,2023-11-13,customer811@mail.com
CUST00812,Carlos Baker,Government,Indonesia,Asia,2026-07-02,customer812@mail.com
CUST00813,John Smith,Government,South Africa,Africa,2023-06-04,customer813@mail.com
CUST00814,Titan Enterprises,Wholesale,Brazil,South America,2024-01-30,customer814@mail.com
CUST00815,Vertex Distribution,Government,UAE,Middle East,2022-12-14,customer815@mail.com
CUST00816,Sandra Rodriguez,E-Commerce,Indonesia,Asia,2022-07-03,customer816@mail.com
CUST00817,Elizabeth Moore,E-Commerce,South Africa,Africa,2022-08-28,customer817@mail.com
CUST00818,Priya Jackson,E-Commerce,Canada,North America,2026-03-12,customer818@mail.com
CUST00819,Atlas Holdings,E-Commerce,South Korea,Asia,2026-08-26,customer819@mail.com
CUST00820,Vertex Freight,Corporate,Singapore,Asia,2026-02-18,customer820@mail.com
CUST00821,Hana Baker,Corporate,Egypt,Africa,2025-07-27,customer821@mail.com
CUST00822,Prime Supply Co,Retail,Canada,North America,2023-01-11,customer822@mail.com
CUST00823,Meridian Cargo Group,Corporate,Indonesia,Asia,2022-08-26,customer823@mail.com
CUST00824,Ana Torres,Corporate,Canada,North America,2024-09-20,customer824@mail.com
CUST00825,Summit Traders,Retail,Indonesia,Asia,2023-12-17,customer825@mail.com
CUST00826,Barbara Hernandez,Government,Italy,Europe,2026-03-16,customer826@mail.com
CUST00827,Catalyst Supply Co,Retail,New Zealand,Oceania,2025-04-10,customer827@mail.com
CUST00828,Barbara Ramirez,Wholesale,Singapore,Asia,2022-06-07,customer828@mail.com
CUST00829,Michael Thompson,E-Commerce,Egypt,Africa,2022-02-23,customer829@mail.com
CUST00830,Linda Clark,Government,Chile,South America,2024-02-05,customer830@mail.com
CUST00831,Elizabeth Johnson,Corporate,UK,Europe,2022-06-16,customer831@mail.com
CUST00832,Rahul Walker,E-Commerce,New Zealand,Oceania,2025-07-10,customer832@mail.com
CUST00833,Nancy Williams,Government,Brazil,South America,2025-09-05,customer833@mail.com
CUST00834,Catalyst Industries,Retail,Vietnam,Asia,2023-03-09,customer834@mail.com
CUST00835,Chris Brown,Retail,Australia,Oceania,2026-03-04,customer835@mail.com
CUST00836,Matthew Garcia,E-Commerce,UAE,Middle East,2024-03-27,customer836@mail.com
CUST00837,Titan Traders,Wholesale,France,Europe,2022-02-12,customer837@mail.com
CUST00838,Titan Distribution,Wholesale,France,Europe,2025-08-18,customer838@mail.com
CUST00839,Alliance Systems,E-Commerce,UK,Europe,2026-07-10,customer839@mail.com
CUST00840,Daniel Baker,E-Commerce,Chile,South America,2022-07-16,customer840@mail.com
CUST00841,Meridian Solutions,Corporate,Singapore,Asia,2024-03-05,customer841@mail.com
CUST00842,Margaret Garcia,Corporate,Netherlands,Europe,2026-03-30,customer842@mail.com
CUST00843,Vertex Cargo Group,Corporate,Australia,Oceania,2025-07-15,customer843@mail.com
CUST00844,Orion Manufacturing,Wholesale,Mexico,North America,2025-10-17,customer844@mail.com
CUST00845,Elizabeth Allen,Government,Argentina,South America,2024-12-15,customer845@mail.com
CUST00846,Alliance Traders,Corporate,Mexico,North America,2026-06-30,customer846@mail.com
CUST00847,Summit Enterprises,Wholesale,Poland,Europe,2023-09-08,customer847@mail.com
CUST00848,Ahmed Brown,Retail,Singapore,Asia,2025-02-02,customer848@mail.com
CUST00849,Wei Lewis,Retail,Canada,North America,2024-04-25,customer849@mail.com
CUST00850,Ahmed Moore,E-Commerce,Vietnam,Asia,2023-12-29,customer850@mail.com
CUST00851,Sterling Logistics,Corporate,Saudi Arabia,Middle East,2022-08-22,customer851@mail.com
CUST00852,Betty Williams,Corporate,France,Europe,2022-06-20,customer852@mail.com
CUST00853,Catalyst Systems,Corporate,South Africa,Africa,2024-07-20,customer853@mail.com
CUST00854,Nancy Lopez,Wholesale,Brazil,South America,2023-03-09,customer854@mail.com
CUST00855,Carlos Moore,Retail,Mexico,North America,2026-11-21,customer855@mail.com
CUST00856,James Clark,Retail,South Korea,Asia,2022-08-27,customer856@mail.com
CUST00857,Sandra Rivera,Government,France,Europe,2024-04-09,customer857@mail.com
CUST00858,Sofia Green,Corporate,Nigeria,Africa,2024-01-09,customer858@mail.com
CUST00859,Summit Industries,Wholesale,Australia,Oceania,2022-01-29,customer859@mail.com
CUST00860,Lucas Wilson,Retail,UK,Europe,2026-10-26,customer860@mail.com
CUST00861,Elizabeth Nelson,Corporate,Italy,Europe,2023-05-11,customer861@mail.com
CUST00862,Yuki Wilson,E-Commerce,New Zealand,Oceania,2022-06-26,customer862@mail.com
CUST00863,Rahul Lewis,Retail,Egypt,Africa,2022-02-14,customer863@mail.com
CUST00864,Valentina Rivera,Corporate,France,Europe,2024-06-30,customer864@mail.com
CUST00865,Meridian Holdings,Wholesale,Indonesia,Asia,2023-05-12,customer865@mail.com
CUST00866,Betty Brown,Retail,Poland,Europe,2023-11-15,customer866@mail.com
CUST00867,Ana Lewis,Corporate,UK,Europe,2024-05-01,customer867@mail.com
CUST00868,Diego Torres,Retail,Nigeria,Africa,2023-08-19,customer868@mail.com
CUST00869,Sterling Holdings,Government,Indonesia,Asia,2026-01-24,customer869@mail.com
CUST00870,Priya Thomas,Retail,Chile,South America,2026-01-02,customer870@mail.com
CUST00871,Catalyst Freight,Retail,Singapore,Asia,2025-02-07,customer871@mail.com
CUST00872,Anthony Young,Corporate,Netherlands,Europe,2022-08-28,customer872@mail.com
CUST00873,Daniel Robinson,Corporate,Brazil,South America,2025-11-29,customer873@mail.com
CUST00874,Pioneer Manufacturing,Corporate,USA,North America,2023-12-06,customer874@mail.com
CUST00875,Fatima Hall,Government,Spain,Europe,2023-11-26,customer875@mail.com
CUST00876,Sandra Rodriguez,Corporate,New Zealand,Oceania,2023-08-24,customer876@mail.com
CUST00877,Emma Nelson,E-Commerce,South Korea,Asia,2026-02-13,customer877@mail.com
CUST00878,David Green,E-Commerce,Australia,Oceania,2023-03-01,customer878@mail.com
CUST00879,Noah Young,Wholesale,South Africa,Africa,2022-09-22,customer879@mail.com
CUST00880,Crescent Traders,Corporate,Italy,Europe,2026-06-14,customer880@mail.com
CUST00881,Pioneer Exports,Retail,Indonesia,Asia,2022-04-07,customer881@mail.com
CUST00882,Daniel Hall,Wholesale,India,Asia,2022-11-21,customer882@mail.com
CUST00883,Wei Williams,Retail,New Zealand,Oceania,2026-07-11,customer883@mail.com
CUST00884,Sofia Thomas,Government,China,Asia,2022-09-05,customer884@mail.com
CUST00885,Nancy White,Retail,Spain,Europe,2026-04-25,customer885@mail.com
CUST00886,Sarah Martinez,Government,Egypt,Africa,2026-10-14,customer886@mail.com
CUST00887,Ana Brown,Corporate,Brazil,South America,2024-06-15,customer887@mail.com
CUST00888,Michael Green,Retail,New Zealand,Oceania,2025-06-02,customer888@mail.com
CUST00889,Wei Miller,Retail,New Zealand,Oceania,2022-12-09,customer889@mail.com
CUST00890,David Martin,Corporate,Italy,Europe,2025-12-21,customer890@mail.com
CUST00891,Diego Miller,E-Commerce,Egypt,Africa,2022-11-12,customer891@mail.com
CUST00892,Linda Wilson,Corporate,China,Asia,2024-06-18,customer892@mail.com
CUST00893,Jessica Young,E-Commerce,Egypt,Africa,2023-12-01,customer893@mail.com
CUST00894,Atlas Freight,Corporate,Singapore,Asia,2026-01-04,customer894@mail.com
CUST00895,Jessica Martinez,Government,India,Asia,2026-03-23,customer895@mail.com
CUST00896,William Lewis,Corporate,South Korea,Asia,2024-04-26,customer896@mail.com
CUST00897,Mei Hall,Retail,Vietnam,Asia,2024-01-11,customer897@mail.com
CUST00898,Global Systems,Government,Vietnam,Asia,2026-07-10,customer898@mail.com
CUST00899,Orion Cargo Group,Wholesale,Mexico,North America,2026-05-01,customer899@mail.com
CUST00900,Prime Enterprises,Wholesale,South Korea,Asia,2025-08-06,customer900@mail.com
CUST00901,Sterling Distribution,Corporate,Saudi Arabia,Middle East,2024-05-08,customer901@mail.com
CUST00902,Karen Perez,Retail,Chile,South America,2023-12-06,customer902@mail.com
CUST00903,Sterling Holdings,Corporate,New Zealand,Oceania,2022-10-28,customer903@mail.com
CUST00904,Yuki Green,Government,Vietnam,Asia,2026-06-03,customer904@mail.com
CUST00905,Daniel Nelson,Wholesale,Argentina,South America,2024-04-08,customer905@mail.com
CUST00906,Pinnacle Freight,Wholesale,Poland,Europe,2024-03-09,customer906@mail.com
CUST00907,Charles Anderson,Government,Singapore,Asia,2022-07-10,customer907@mail.com
CUST00908,Orion Networks,Wholesale,UAE,Middle East,2025-07-25,customer908@mail.com
CUST00909,Pinnacle Holdings,Wholesale,USA,North America,2023-06-14,customer909@mail.com
CUST00910,Diego Lewis,Retail,New Zealand,Oceania,2024-10-31,customer910@mail.com
CUST00911,Fusion Distribution,Government,Nigeria,Africa,2025-07-08,customer911@mail.com
CUST00912,Apex Manufacturing,Government,India,Asia,2023-09-03,customer912@mail.com
CUST00913,Orion Supply Co,Government,Nigeria,Africa,2026-07-08,customer913@mail.com
CUST00914,Liam Baker,Government,Saudi Arabia,Middle East,2024-12-28,customer914@mail.com
CUST00915,Zenith Enterprises,Government,Spain,Europe,2026-05-27,customer915@mail.com
CUST00916,Titan Exports,Wholesale,Chile,South America,2026-02-19,customer916@mail.com
CUST00917,Catalyst Supply Co,E-Commerce,UK,Europe,2026-08-13,customer917@mail.com
CUST00918,Alliance Partners,Retail,Vietnam,Asia,2024-04-23,customer918@mail.com
CUST00919,Summit Manufacturing,Corporate,Mexico,North America,2023-03-16,customer919@mail.com
CUST00920,Sterling Cargo Group,Government,Mexico,North America,2025-04-19,customer920@mail.com
CUST00921,Thomas Hill,Corporate,Singapore,Asia,2024-10-18,customer921@mail.com
CUST00922,Priya Ramirez,Wholesale,Vietnam,Asia,2026-08-15,customer922@mail.com
CUST00923,Priya Campbell,Wholesale,Germany,Europe,2024-07-26,customer923@mail.com
CUST00924,Mei Davis,Wholesale,South Africa,Africa,2025-11-23,customer924@mail.com
CUST00925,Valentina Hernandez,E-Commerce,Vietnam,Asia,2025-02-18,customer925@mail.com
CUST00926,Anthony Davis,E-Commerce,UK,Europe,2022-09-05,customer926@mail.com
CUST00927,Sterling Industries,E-Commerce,Saudi Arabia,Middle East,2022-08-30,customer927@mail.com
CUST00928,Karen Martin,Retail,Poland,Europe,2024-09-22,customer928@mail.com
CUST00929,Catalyst Cargo Group,E-Commerce,Australia,Oceania,2022-04-10,customer929@mail.com
CUST00930,Crescent Logistics,Government,Poland,Europe,2022-09-08,customer930@mail.com
CUST00931,Prime Cargo Group,Government,India,Asia,2024-09-12,customer931@mail.com
CUST00932,Nancy Sanchez,Government,Poland,Europe,2024-08-31,customer932@mail.com
CUST00933,Wei Adams,Corporate,Germany,Europe,2024-08-01,customer933@mail.com
CUST00934,Diego Perez,Government,Chile,South America,2022-07-02,customer934@mail.com
CUST00935,Matthew Thomas,E-Commerce,Chile,South America,2024-03-20,customer935@mail.com
CUST00936,Meridian Systems,Retail,UAE,Middle East,2023-07-23,customer936@mail.com
CUST00937,Ahmed Adams,E-Commerce,France,Europe,2026-06-19,customer937@mail.com
CUST00938,Olivia Torres,Wholesale,UAE,Middle East,2022-06-24,customer938@mail.com
CUST00939,Patricia Nguyen,Wholesale,Brazil,South America,2024-12-04,customer939@mail.com
CUST00940,Mary Davis,Government,Egypt,Africa,2025-09-10,customer940@mail.com
CUST00941,Sarah Anderson,Government,France,Europe,2023-05-18,customer941@mail.com
CUST00942,Pinnacle Holdings,Corporate,Vietnam,Asia,2023-10-19,customer942@mail.com
CUST00943,Global Freight,Wholesale,Saudi Arabia,Middle East,2024-06-14,customer943@mail.com
CUST00944,Sterling Freight,E-Commerce,South Korea,Asia,2024-02-22,customer944@mail.com
CUST00945,Apex Exports,E-Commerce,Mexico,North America,2022-12-11,customer945@mail.com
CUST00946,Nova Industries,Corporate,Germany,Europe,2023-09-21,customer946@mail.com
CUST00947,Momentum Freight,Retail,Chile,South America,2023-01-07,customer947@mail.com
CUST00948,Titan Traders,Wholesale,South Africa,Africa,2023-10-18,customer948@mail.com
CUST00949,Thomas Sanchez,Retail,South Korea,Asia,2026-08-23,customer949@mail.com
CUST00950,Momentum Holdings,Corporate,Canada,North America,2023-04-30,customer950@mail.com
CUST00951,Matthew Davis,Retail,Singapore,Asia,2023-07-06,customer951@mail.com
CUST00952,Anthony Jones,Retail,China,Asia,2024-09-18,customer952@mail.com
CUST00953,Mary Jackson,Government,South Korea,Asia,2025-02-08,customer953@mail.com
CUST00954,Pinnacle Enterprises,Wholesale,Chile,South America,2026-05-28,customer954@mail.com
CUST00955,Mark Garcia,Government,Poland,Europe,2026-09-30,customer955@mail.com
CUST00956,Elizabeth Harris,Wholesale,Italy,Europe,2025-01-11,customer956@mail.com
CUST00957,Alliance Solutions,Corporate,Australia,Oceania,2025-02-10,customer957@mail.com
CUST00958,Meridian Partners,E-Commerce,Canada,North America,2025-06-25,customer958@mail.com
CUST00959,James Brown,E-Commerce,Argentina,South America,2024-09-14,customer959@mail.com
CUST00960,Titan Freight,Wholesale,Brazil,South America,2026-09-22,customer960@mail.com
CUST00961,Charles Williams,Government,Saudi Arabia,Middle East,2022-11-27,customer961@mail.com
CUST00962,Nova Cargo Group,Retail,Saudi Arabia,Middle East,2025-12-01,customer962@mail.com
CUST00963,Pinnacle Distribution,Wholesale,New Zealand,Oceania,2024-06-03,customer963@mail.com
CUST00964,Chris Hall,E-Commerce,Brazil,South America,2023-12-03,customer964@mail.com
CUST00965,Sarah Taylor,E-Commerce,Egypt,Africa,2025-09-18,customer965@mail.com
CUST00966,Momentum Freight,Wholesale,China,Asia,2022-02-02,customer966@mail.com
CUST00967,Carlos Young,Retail,Argentina,South America,2022-01-09,customer967@mail.com
CUST00968,Pinnacle Solutions,Corporate,Chile,South America,2025-11-27,customer968@mail.com
CUST00969,Nova Networks,Retail,Egypt,Africa,2026-12-01,customer969@mail.com
CUST00970,Meridian Enterprises,E-Commerce,UAE,Middle East,2022-09-10,customer970@mail.com
CUST00971,Momentum Freight,Wholesale,New Zealand,Oceania,2024-03-03,customer971@mail.com
CUST00972,Lucas Smith,Corporate,New Zealand,Oceania,2022-09-13,customer972@mail.com
CUST00973,Mark Smith,Retail,India,Asia,2023-03-30,customer973@mail.com
CUST00974,Fusion Supply Co,Government,Egypt,Africa,2022-07-04,customer974@mail.com
CUST00975,Horizon Supply Co,E-Commerce,Argentina,South America,2024-10-08,customer975@mail.com
CUST00976,Momentum Supply Co,Wholesale,Canada,North America,2022-01-15,customer976@mail.com
CUST00977,Linda Jackson,Government,New Zealand,Oceania,2025-03-11,customer977@mail.com
CUST00978,Pioneer Enterprises,Government,Indonesia,Asia,2026-02-22,customer978@mail.com
CUST00979,Ahmed Lopez,Government,Chile,South America,2022-05-14,customer979@mail.com
CUST00980,William Moore,Wholesale,Germany,Europe,2025-03-13,customer980@mail.com
CUST00981,Sarah Wilson,Retail,Singapore,Asia,2026-10-03,customer981@mail.com
CUST00982,Sofia Moore,Government,South Africa,Africa,2025-10-26,customer982@mail.com
CUST00983,Alliance Enterprises,Retail,Vietnam,Asia,2025-10-10,customer983@mail.com
CUST00984,Anthony Jackson,Government,China,Asia,2022-09-07,customer984@mail.com
CUST00985,Mei Williams,Wholesale,Vietnam,Asia,2026-01-17,customer985@mail.com
CUST00986,Alliance Exports,E-Commerce,Canada,North America,2024-07-08,customer986@mail.com
CUST00987,Orion Traders,Retail,USA,North America,2025-03-17,customer987@mail.com
CUST00988,Alliance Traders,Wholesale,Nigeria,Africa,2023-05-27,customer988@mail.com
CUST00989,Nova Enterprises,Retail,France,Europe,2025-07-04,customer989@mail.com
CUST00990,Mary Hill,E-Commerce,USA,North America,2026-06-21,customer990@mail.com
CUST00991,Apex Manufacturing,E-Commerce,New Zealand,Oceania,2023-05-04,customer991@mail.com
CUST00992,Orion Exports,Wholesale,New Zealand,Oceania,2026-06-15,customer992@mail.com
CUST00993,Sofia Robinson,Retail,Mexico,North America,2026-04-14,customer993@mail.com
CUST00994,Linda Garcia,Retail,Argentina,South America,2022-05-05,customer994@mail.com
CUST00995,Nova Networks,Retail,Japan,Asia,2022-09-19,customer995@mail.com
CUST00996,Karen Green,Corporate,Australia,Oceania,2025-07-06,customer996@mail.com
CUST00997,Prime Exports,E-Commerce,Mexico,North America,2022-04-17,customer997@mail.com
CUST00998,Sofia Ramirez,Government,Japan,Asia,2023-04-23,customer998@mail.com
CUST00999,James Walker,Corporate,Australia,Oceania,2024-02-26,customer999@mail.com
CUST01000,Sofia Green,E-Commerce,Australia,Oceania,2022-07-27,customer1000@mail.com
CUST01001,Mary Walker,E-Commerce,Argentina,South America,2024-11-25,customer1001@mail.com
CUST01002,Apex Logistics,Retail,Saudi Arabia,Middle East,2025-05-03,customer1002@mail.com
CUST01003,Richard Nguyen,Government,Saudi Arabia,Middle East,2022-09-16,customer1003@mail.com
CUST01004,Crescent Systems,Corporate,Netherlands,Europe,2025-06-25,customer1004@mail.com
CUST01005,Prime Logistics,E-Commerce,France,Europe,2022-09-19,customer1005@mail.com
CUST01006,Olivia White,Government,Saudi Arabia,Middle East,2023-09-30,customer1006@mail.com
CUST01007,Elizabeth Young,Government,UAE,Middle East,2023-09-25,customer1007@mail.com
CUST01008,Global Exports,Wholesale,China,Asia,2025-04-16,customer1008@mail.com
CUST01009,Pinnacle Partners,Corporate,Canada,North America,2022-04-22,customer1009@mail.com
CUST01010,Pioneer Enterprises,Retail,India,Asia,2023-02-17,customer1010@mail.com
CUST01011,Crescent Systems,Corporate,China,Asia,2025-11-17,customer1011@mail.com
CUST01012,Fatima Nguyen,Government,Brazil,South America,2023-11-19,customer1012@mail.com
CUST01013,David Miller,Retail,Poland,Europe,2024-07-19,customer1013@mail.com
CUST01014,Global Enterprises,Wholesale,Indonesia,Asia,2023-04-02,customer1014@mail.com
CUST01015,Jessica Young,E-Commerce,Vietnam,Asia,2026-02-13,customer1015@mail.com
CUST01016,Susan Clark,Retail,Australia,Oceania,2023-01-13,customer1016@mail.com
CUST01017,Fusion Logistics,Retail,India,Asia,2025-02-10,customer1017@mail.com
CUST01018,Pioneer Enterprises,E-Commerce,Germany,Europe,2025-04-14,customer1018@mail.com
CUST01019,Richard Wilson,Wholesale,Canada,North America,2023-08-05,customer1019@mail.com
CUST01020,Diego Lopez,Government,Spain,Europe,2023-11-27,customer1020@mail.com
CUST01021,Global Industries,E-Commerce,Spain,Europe,2026-09-23,customer1021@mail.com
CUST01022,Summit Cargo Group,Retail,UK,Europe,2025-09-03,customer1022@mail.com
CUST01023,Karen Walker,E-Commerce,China,Asia,2023-05-07,customer1023@mail.com
CUST01024,Vertex Exports,Government,Australia,Oceania,2026-06-25,customer1024@mail.com
CUST01025,Robert Davis,Wholesale,South Korea,Asia,2022-10-23,customer1025@mail.com
CUST01026,Pinnacle Cargo Group,E-Commerce,Australia,Oceania,2025-11-23,customer1026@mail.com
CUST01027,Liam Taylor,Government,China,Asia,2022-04-05,customer1027@mail.com
CUST01028,Pinnacle Distribution,Wholesale,Saudi Arabia,Middle East,2026-06-06,customer1028@mail.com
CUST01029,Atlas Partners,Government,China,Asia,2022-09-16,customer1029@mail.com
CUST01030,Susan Garcia,Corporate,Saudi Arabia,Middle East,2026-05-26,customer1030@mail.com
CUST01031,Robert Hernandez,Corporate,Australia,Oceania,2024-11-07,customer1031@mail.com
CUST01032,Wei Harris,Government,Egypt,Africa,2024-10-18,customer1032@mail.com
CUST01033,Fusion Exports,Corporate,Vietnam,Asia,2025-11-23,customer1033@mail.com
CUST01034,Rahul Jackson,Corporate,South Africa,Africa,2025-04-05,customer1034@mail.com
CUST01035,Fatima Nelson,Wholesale,Argentina,South America,2022-03-16,customer1035@mail.com
CUST01036,Mark Taylor,Wholesale,Spain,Europe,2024-03-21,customer1036@mail.com
CUST01037,Matthew Nguyen,E-Commerce,Poland,Europe,2022-11-18,customer1037@mail.com
CUST01038,William Garcia,Corporate,Netherlands,Europe,2023-08-28,customer1038@mail.com
CUST01039,Catalyst Logistics,Government,Singapore,Asia,2024-08-10,customer1039@mail.com
CUST01040,Meridian Manufacturing,Corporate,Brazil,South America,2024-06-04,customer1040@mail.com
CUST01041,Chris Jackson,Retail,India,Asia,2024-02-23,customer1041@mail.com
CUST01042,Thomas Nelson,E-Commerce,France,Europe,2022-06-05,customer1042@mail.com
CUST01043,Sterling Exports,Retail,Mexico,North America,2025-01-24,customer1043@mail.com
CUST01044,Horizon Traders,Retail,Australia,Oceania,2022-08-31,customer1044@mail.com
CUST01045,Pioneer Freight,E-Commerce,India,Asia,2023-02-07,customer1045@mail.com
CUST01046,Atlas Supply Co,Government,Netherlands,Europe,2025-12-16,customer1046@mail.com
CUST01047,Ana Scott,Retail,Germany,Europe,2023-06-19,customer1047@mail.com
CUST01048,Fusion Networks,Corporate,Egypt,Africa,2024-04-07,customer1048@mail.com
CUST01049,Olivia Smith,Government,New Zealand,Oceania,2024-08-24,customer1049@mail.com
CUST01050,Betty Thomas,Wholesale,Egypt,Africa,2023-04-10,customer1050@mail.com
CUST01051,Catalyst Networks,Corporate,Indonesia,Asia,2025-02-05,customer1051@mail.com
CUST01052,Nancy Garcia,Wholesale,Nigeria,Africa,2023-10-04,customer1052@mail.com
CUST01053,Lucas Ramirez,Corporate,South Korea,Asia,2023-03-06,customer1053@mail.com
CUST01054,Mary Harris,Government,Vietnam,Asia,2022-10-12,customer1054@mail.com
CUST01055,Global Manufacturing,E-Commerce,Germany,Europe,2026-07-18,customer1055@mail.com
CUST01056,Alliance Enterprises,Corporate,China,Asia,2026-03-22,customer1056@mail.com
CUST01057,Yuki Lee,Government,Egypt,Africa,2023-10-30,customer1057@mail.com
CUST01058,John Rodriguez,E-Commerce,USA,North America,2022-11-11,customer1058@mail.com
CUST01059,Carlos Flores,Corporate,Saudi Arabia,Middle East,2025-03-21,customer1059@mail.com
CUST01060,Titan Traders,Corporate,Japan,Asia,2024-12-30,customer1060@mail.com
CUST01061,Nancy Nguyen,E-Commerce,Italy,Europe,2024-07-13,customer1061@mail.com
CUST01062,Pinnacle Industries,Government,Mexico,North America,2022-03-07,customer1062@mail.com
CUST01063,Pioneer Traders,E-Commerce,Indonesia,Asia,2024-03-01,customer1063@mail.com
CUST01064,Sterling Traders,Retail,Italy,Europe,2024-07-20,customer1064@mail.com
CUST01065,David Perez,Corporate,India,Asia,2026-10-27,customer1065@mail.com
CUST01066,Apex Industries,Corporate,Japan,Asia,2025-01-03,customer1066@mail.com
CUST01067,Matthew Anderson,Wholesale,Indonesia,Asia,2022-09-24,customer1067@mail.com
CUST01068,Ana Baker,Wholesale,Poland,Europe,2024-08-30,customer1068@mail.com
CUST01069,Karen Hill,Government,Brazil,South America,2023-02-20,customer1069@mail.com
CUST01070,Sarah Wilson,Wholesale,South Africa,Africa,2022-01-16,customer1070@mail.com
CUST01071,Titan Holdings,Wholesale,Vietnam,Asia,2026-07-12,customer1071@mail.com
CUST01072,Catalyst Solutions,Corporate,Singapore,Asia,2024-10-02,customer1072@mail.com
CUST01073,Valentina Garcia,Corporate,Vietnam,Asia,2023-08-13,customer1073@mail.com
CUST01074,Ana Lee,Government,India,Asia,2024-03-11,customer1074@mail.com
CUST01075,Barbara Ramirez,Wholesale,New Zealand,Oceania,2023-05-26,customer1075@mail.com
CUST01076,Sandra Sanchez,Wholesale,Brazil,South America,2025-09-11,customer1076@mail.com
CUST01077,Betty Rivera,Wholesale,South Africa,Africa,2022-03-31,customer1077@mail.com
CUST01078,Pinnacle Distribution,Retail,France,Europe,2025-09-27,customer1078@mail.com
CUST01079,Susan Allen,Government,South Africa,Africa,2024-04-22,customer1079@mail.com
CUST01080,Robert Miller,E-Commerce,UK,Europe,2024-10-30,customer1080@mail.com
CUST01081,Thomas Anderson,Retail,South Korea,Asia,2024-11-02,customer1081@mail.com
CUST01082,Meridian Cargo Group,Corporate,Vietnam,Asia,2023-12-05,customer1082@mail.com
CUST01083,Global Distribution,Wholesale,Italy,Europe,2022-08-23,customer1083@mail.com
CUST01084,Sandra Allen,Retail,China,Asia,2024-08-02,customer1084@mail.com
CUST01085,Jessica Campbell,Wholesale,Mexico,North America,2024-06-15,customer1085@mail.com
CUST01086,David Hernandez,Retail,Indonesia,Asia,2026-09-14,customer1086@mail.com
CUST01087,Zenith Traders,Corporate,Brazil,South America,2024-12-30,customer1087@mail.com
CUST01088,Global Enterprises,Wholesale,France,Europe,2023-07-14,customer1088@mail.com
CUST01089,Pioneer Systems,Government,Vietnam,Asia,2022-03-12,customer1089@mail.com
CUST01090,Patricia Adams,Government,Italy,Europe,2026-07-20,customer1090@mail.com
CUST01091,Noah Miller,E-Commerce,Argentina,South America,2024-03-10,customer1091@mail.com
CUST01092,Global Logistics,Corporate,Vietnam,Asia,2026-05-01,customer1092@mail.com
CUST01093,Horizon Freight,Wholesale,Egypt,Africa,2023-05-04,customer1093@mail.com
CUST01094,Global Logistics,Wholesale,Mexico,North America,2023-11-22,customer1094@mail.com
CUST01095,Joseph Miller,Wholesale,Chile,South America,2026-06-21,customer1095@mail.com
CUST01096,Alliance Exports,E-Commerce,Nigeria,Africa,2022-08-09,customer1096@mail.com
CUST01097,Richard Green,Government,China,Asia,2023-03-01,customer1097@mail.com
CUST01098,Linda Thomas,Retail,Japan,Asia,2023-03-14,customer1098@mail.com
CUST01099,Global Cargo Group,E-Commerce,India,Asia,2025-09-01,customer1099@mail.com
CUST01100,Meridian Supply Co,E-Commerce,USA,North America,2022-05-16,customer1100@mail.com
CUST01101,John Jones,Corporate,Argentina,South America,2023-03-24,customer1101@mail.com
CUST01102,Priya Miller,Government,Poland,Europe,2025-12-30,customer1102@mail.com
CUST01103,Ahmed Hernandez,Retail,Australia,Oceania,2023-05-31,customer1103@mail.com
CUST01104,Titan Enterprises,Wholesale,Brazil,South America,2026-04-29,customer1104@mail.com
CUST01105,Orion Partners,Corporate,China,Asia,2025-09-26,customer1105@mail.com
CUST01106,Momentum Solutions,Corporate,Mexico,North America,2025-04-13,customer1106@mail.com
CUST01107,Valentina Thomas,Government,Japan,Asia,2024-10-28,customer1107@mail.com
CUST01108,Joseph Johnson,Retail,South Africa,Africa,2025-06-16,customer1108@mail.com
CUST01109,Alliance Networks,Government,Poland,Europe,2023-05-14,customer1109@mail.com
CUST01110,Fusion Manufacturing,Wholesale,Mexico,North America,2023-08-31,customer1110@mail.com
CUST01111,Prime Supply Co,Government,Germany,Europe,2026-01-25,customer1111@mail.com
CUST01112,Nancy Rodriguez,E-Commerce,Vietnam,Asia,2023-07-24,customer1112@mail.com
CUST01113,John Wright,Corporate,Argentina,South America,2026-06-10,customer1113@mail.com
CUST01114,Mary Thomas,E-Commerce,Argentina,South America,2026-10-01,customer1114@mail.com
CUST01115,Pinnacle Logistics,Wholesale,China,Asia,2025-09-23,customer1115@mail.com
CUST01116,Diego Thomas,Corporate,Australia,Oceania,2025-05-30,customer1116@mail.com
CUST01117,Meridian Enterprises,Retail,Singapore,Asia,2022-01-13,customer1117@mail.com
CUST01118,Pioneer Logistics,Wholesale,Indonesia,Asia,2025-07-23,customer1118@mail.com
CUST01119,Vertex Holdings,Wholesale,Italy,Europe,2025-01-29,customer1119@mail.com
CUST01120,Margaret Walker,Wholesale,Spain,Europe,2023-09-30,customer1120@mail.com
CUST01121,Alliance Industries,Wholesale,Nigeria,Africa,2025-05-25,customer1121@mail.com
CUST01122,Meridian Enterprises,E-Commerce,Poland,Europe,2023-02-17,customer1122@mail.com
CUST01123,Lisa Clark,Wholesale,Australia,Oceania,2024-02-13,customer1123@mail.com
CUST01124,Wei Green,Corporate,Indonesia,Asia,2026-02-14,customer1124@mail.com
CUST01125,Crescent Logistics,Corporate,Egypt,Africa,2026-04-10,customer1125@mail.com
CUST01126,Karen Flores,Wholesale,South Korea,Asia,2025-01-05,customer1126@mail.com
CUST01127,Thomas Sanchez,E-Commerce,UAE,Middle East,2024-08-07,customer1127@mail.com
CUST01128,Pinnacle Holdings,Retail,Vietnam,Asia,2024-09-11,customer1128@mail.com
CUST01129,Crescent Supply Co,Wholesale,China,Asia,2022-11-13,customer1129@mail.com
CUST01130,Sterling Systems,E-Commerce,USA,North America,2026-01-25,customer1130@mail.com
CUST01131,Anthony Clark,E-Commerce,Indonesia,Asia,2026-03-01,customer1131@mail.com
CUST01132,Olivia Hill,Corporate,Japan,Asia,2022-05-26,customer1132@mail.com
CUST01133,Linda Sanchez,Wholesale,Canada,North America,2025-03-04,customer1133@mail.com
CUST01134,Thomas White,Corporate,Italy,Europe,2024-11-09,customer1134@mail.com
CUST01135,Lucas Brown,Corporate,Argentina,South America,2025-08-26,customer1135@mail.com
CUST01136,Jessica Young,E-Commerce,South Korea,Asia,2022-03-12,customer1136@mail.com
CUST01137,Mary Rivera,Wholesale,Argentina,South America,2025-09-25,customer1137@mail.com
CUST01138,Emma Martinez,Wholesale,Netherlands,Europe,2023-06-05,customer1138@mail.com
CUST01139,Noah Hernandez,Retail,Brazil,South America,2022-01-26,customer1139@mail.com
CUST01140,Titan Cargo Group,Government,Egypt,Africa,2025-12-17,customer1140@mail.com
CUST01141,Richard Lewis,Corporate,Mexico,North America,2022-12-06,customer1141@mail.com
CUST01142,Wei Scott,Corporate,Netherlands,Europe,2025-09-10,customer1142@mail.com
CUST01143,Alliance Networks,Retail,Saudi Arabia,Middle East,2026-11-30,customer1143@mail.com
CUST01144,Daniel Martinez,Wholesale,UK,Europe,2023-07-05,customer1144@mail.com
CUST01145,Zenith Logistics,Corporate,Nigeria,Africa,2022-12-11,customer1145@mail.com
CUST01146,Alliance Exports,E-Commerce,USA,North America,2024-05-03,customer1146@mail.com
CUST01147,Barbara Harris,Wholesale,Nigeria,Africa,2023-01-17,customer1147@mail.com
CUST01148,Wei Davis,Government,Italy,Europe,2024-07-11,customer1148@mail.com
CUST01149,Pioneer Logistics,Wholesale,New Zealand,Oceania,2026-03-16,customer1149@mail.com
CUST01150,Thomas Ramirez,Government,Australia,Oceania,2024-06-21,customer1150@mail.com
CUST01151,David Garcia,Retail,UK,Europe,2023-08-24,customer1151@mail.com
CUST01152,Nova Freight,Government,Japan,Asia,2022-03-02,customer1152@mail.com
CUST01153,Emma Miller,Retail,Spain,Europe,2022-01-20,customer1153@mail.com
CUST01154,James Baker,Retail,Netherlands,Europe,2025-04-07,customer1154@mail.com
CUST01155,Global Cargo Group,Government,UK,Europe,2025-05-19,customer1155@mail.com
CUST01156,Crescent Manufacturing,E-Commerce,Egypt,Africa,2026-03-31,customer1156@mail.com
CUST01157,Lisa Hall,E-Commerce,Brazil,South America,2023-12-04,customer1157@mail.com
CUST01158,Fusion Enterprises,Corporate,New Zealand,Oceania,2024-03-27,customer1158@mail.com
CUST01159,Fusion Partners,Retail,Brazil,South America,2023-11-08,customer1159@mail.com
CUST01160,Lucas Clark,Wholesale,USA,North America,2026-01-25,customer1160@mail.com
CUST01161,Mei Jackson,Wholesale,USA,North America,2025-12-03,customer1161@mail.com
CUST01162,Emma Baker,Corporate,India,Asia,2026-11-17,customer1162@mail.com
CUST01163,Richard Smith,E-Commerce,Singapore,Asia,2025-07-30,customer1163@mail.com
CUST01164,John Perez,Corporate,USA,North America,2025-10-20,customer1164@mail.com
CUST01165,Betty Green,Retail,Spain,Europe,2026-06-15,customer1165@mail.com
CUST01166,Rahul Baker,Retail,India,Asia,2026-10-22,customer1166@mail.com
CUST01167,Momentum Supply Co,Wholesale,Nigeria,Africa,2025-12-29,customer1167@mail.com
CUST01168,Ana King,Wholesale,Singapore,Asia,2022-03-07,customer1168@mail.com
CUST01169,Karen Hall,Corporate,Indonesia,Asia,2025-01-28,customer1169@mail.com
CUST01170,Linda Young,Government,France,Europe,2025-09-19,customer1170@mail.com
CUST01171,Vertex Networks,Retail,Spain,Europe,2025-09-13,customer1171@mail.com
CUST01172,Ana Johnson,E-Commerce,UK,Europe,2022-11-25,customer1172@mail.com
CUST01173,Joseph Moore,Corporate,Japan,Asia,2025-09-25,customer1173@mail.com
CUST01174,Summit Solutions,Corporate,Chile,South America,2024-12-30,customer1174@mail.com
CUST01175,Nancy Thomas,Government,Mexico,North America,2025-03-25,customer1175@mail.com
CUST01176,Matthew Campbell,Corporate,Mexico,North America,2026-03-02,customer1176@mail.com
CUST01177,Hana Lewis,Wholesale,Argentina,South America,2026-07-14,customer1177@mail.com
CUST01178,Zenith Traders,Retail,Spain,Europe,2022-08-17,customer1178@mail.com
CUST01179,Richard Davis,E-Commerce,China,Asia,2025-03-19,customer1179@mail.com
CUST01180,Matthew Nguyen,Retail,Germany,Europe,2026-02-18,customer1180@mail.com
CUST01181,Pinnacle Supply Co,Corporate,Poland,Europe,2026-10-01,customer1181@mail.com
CUST01182,Fusion Networks,Wholesale,South Korea,Asia,2025-10-23,customer1182@mail.com
CUST01183,Fatima Thomas,Corporate,Singapore,Asia,2022-08-07,customer1183@mail.com
CUST01184,Sandra Perez,E-Commerce,USA,North America,2022-10-24,customer1184@mail.com
CUST01185,Meridian Industries,E-Commerce,New Zealand,Oceania,2025-05-16,customer1185@mail.com
CUST01186,Lucas Williams,E-Commerce,Germany,Europe,2025-05-11,customer1186@mail.com
CUST01187,Lucas Davis,Government,Poland,Europe,2023-07-15,customer1187@mail.com
CUST01188,Susan Allen,Corporate,Indonesia,Asia,2023-08-20,customer1188@mail.com
CUST01189,Nancy Martinez,Wholesale,Canada,North America,2026-08-23,customer1189@mail.com
CUST01190,Joseph Rivera,Retail,Nigeria,Africa,2026-02-15,customer1190@mail.com
CUST01191,Crescent Systems,E-Commerce,Egypt,Africa,2024-03-13,customer1191@mail.com
CUST01192,David Johnson,Corporate,New Zealand,Oceania,2025-01-27,customer1192@mail.com
CUST01193,Rahul White,Corporate,China,Asia,2026-04-01,customer1193@mail.com
CUST01194,Zenith Distribution,Wholesale,Japan,Asia,2025-11-27,customer1194@mail.com
CUST01195,Betty Miller,E-Commerce,South Africa,Africa,2022-09-26,customer1195@mail.com
CUST01196,Patricia Campbell,Corporate,Egypt,Africa,2023-09-15,customer1196@mail.com
CUST01197,Summit Manufacturing,Corporate,Argentina,South America,2025-11-26,customer1197@mail.com
CUST01198,Susan Anderson,Wholesale,Poland,Europe,2026-07-06,customer1198@mail.com
CUST01199,Lisa Nguyen,Wholesale,Nigeria,Africa,2022-07-28,customer1199@mail.com
CUST01200,Margaret Hall,Wholesale,Japan,Asia,2026-09-20,customer1200@mail.com
CUST01201,Crescent Industries,Retail,Canada,North America,2022-04-18,customer1201@mail.com
CUST01202,Fatima Lewis,Corporate,Singapore,Asia,2022-11-01,customer1202@mail.com
CUST01203,Horizon Cargo Group,E-Commerce,Spain,Europe,2024-09-27,customer1203@mail.com
CUST01204,Barbara Nelson,Corporate,South Africa,Africa,2026-03-07,customer1204@mail.com
CUST01205,Noah Baker,Corporate,Egypt,Africa,2022-07-03,customer1205@mail.com
CUST01206,Sarah Adams,Corporate,New Zealand,Oceania,2025-08-30,customer1206@mail.com
CUST01207,Apex Traders,Corporate,India,Asia,2022-09-07,customer1207@mail.com
CUST01208,Wei Thomas,Government,Argentina,South America,2022-02-17,customer1208@mail.com
CUST01209,Rahul Jackson,Retail,Saudi Arabia,Middle East,2025-11-21,customer1209@mail.com
CUST01210,Matthew Young,Corporate,Australia,Oceania,2025-08-13,customer1210@mail.com
CUST01211,Michael Perez,Government,Poland,Europe,2022-05-11,customer1211@mail.com
CUST01212,Lucas Johnson,Government,France,Europe,2024-03-17,customer1212@mail.com
CUST01213,Mei Allen,Government,New Zealand,Oceania,2022-05-11,customer1213@mail.com
CUST01214,Ana Nelson,Wholesale,New Zealand,Oceania,2022-09-12,customer1214@mail.com
CUST01215,Barbara Flores,Wholesale,Chile,South America,2025-11-24,customer1215@mail.com
CUST01216,Chris Davis,Wholesale,USA,North America,2022-03-22,customer1216@mail.com
CUST01217,Vertex Traders,E-Commerce,Saudi Arabia,Middle East,2025-02-25,customer1217@mail.com
CUST01218,Apex Exports,E-Commerce,Egypt,Africa,2023-09-04,customer1218@mail.com
CUST01219,Global Supply Co,Retail,UAE,Middle East,2023-09-08,customer1219@mail.com
CUST01220,Charles Baker,Corporate,Singapore,Asia,2024-12-29,customer1220@mail.com
CUST01221,Lucas Perez,E-Commerce,Germany,Europe,2024-12-06,customer1221@mail.com
CUST01222,Susan Rivera,Retail,Brazil,South America,2022-07-22,customer1222@mail.com
CUST01223,Summit Distribution,Wholesale,Spain,Europe,2026-10-20,customer1223@mail.com
CUST01224,Susan Hill,E-Commerce,Germany,Europe,2024-01-06,customer1224@mail.com
CUST01225,Margaret Jones,E-Commerce,Germany,Europe,2025-01-31,customer1225@mail.com
CUST01226,Vertex Cargo Group,Retail,Netherlands,Europe,2024-07-23,customer1226@mail.com
CUST01227,Lucas Martinez,Wholesale,Netherlands,Europe,2025-01-02,customer1227@mail.com
CUST01228,Sarah Adams,Wholesale,Mexico,North America,2025-11-28,customer1228@mail.com
CUST01229,Sterling Holdings,Corporate,South Africa,Africa,2022-12-02,customer1229@mail.com
CUST01230,Alliance Cargo Group,Government,New Zealand,Oceania,2022-02-23,customer1230@mail.com
CUST01231,Apex Exports,Government,Spain,Europe,2022-08-14,customer1231@mail.com
CUST01232,Nova Freight,E-Commerce,South Korea,Asia,2023-11-15,customer1232@mail.com
CUST01233,Joseph Jackson,Retail,Germany,Europe,2022-01-21,customer1233@mail.com
CUST01234,Joseph Sanchez,Retail,Japan,Asia,2022-08-04,customer1234@mail.com
CUST01235,Karen Hill,Corporate,France,Europe,2026-08-10,customer1235@mail.com
CUST01236,Lucas Nguyen,E-Commerce,UK,Europe,2026-11-08,customer1236@mail.com
CUST01237,Apex Solutions,Wholesale,UAE,Middle East,2022-04-09,customer1237@mail.com
CUST01238,Matthew Lopez,Government,China,Asia,2023-12-08,customer1238@mail.com
CUST01239,Betty Young,Wholesale,UAE,Middle East,2025-04-28,customer1239@mail.com
CUST01240,Sterling Systems,Wholesale,Netherlands,Europe,2022-11-15,customer1240@mail.com
CUST01241,Atlas Logistics,E-Commerce,Germany,Europe,2026-01-25,customer1241@mail.com
CUST01242,Emma Flores,Corporate,South Africa,Africa,2024-05-06,customer1242@mail.com
CUST01243,Daniel Walker,E-Commerce,France,Europe,2024-10-25,customer1243@mail.com
CUST01244,Mei Campbell,Wholesale,Netherlands,Europe,2026-07-26,customer1244@mail.com
CUST01245,Jennifer Lee,E-Commerce,Poland,Europe,2024-04-12,customer1245@mail.com
CUST01246,Robert Taylor,Wholesale,Mexico,North America,2022-07-11,customer1246@mail.com
CUST01247,Zenith Exports,Retail,Saudi Arabia,Middle East,2024-10-06,customer1247@mail.com
CUST01248,Diego Rodriguez,Corporate,South Korea,Asia,2024-09-09,customer1248@mail.com
CUST01249,Emma Scott,Retail,Singapore,Asia,2025-11-30,customer1249@mail.com
CUST01250,Pioneer Solutions,Retail,Japan,Asia,2026-08-30,customer1250@mail.com
CUST01251,Yuki White,Government,South Africa,Africa,2023-05-16,customer1251@mail.com
CUST01252,Carlos Robinson,Government,Chile,South America,2022-12-12,customer1252@mail.com
CUST01253,Fusion Partners,Government,Spain,Europe,2022-10-01,customer1253@mail.com
CUST01254,Margaret Allen,Wholesale,India,Asia,2024-02-16,customer1254@mail.com
CUST01255,Nancy Hall,Government,India,Asia,2023-05-27,customer1255@mail.com
CUST01256,Charles Lee,E-Commerce,Egypt,Africa,2024-09-16,customer1256@mail.com
CUST01257,Catalyst Cargo Group,E-Commerce,Netherlands,Europe,2023-03-22,customer1257@mail.com
CUST01258,John Walker,Corporate,Argentina,South America,2025-06-19,customer1258@mail.com
CUST01259,Momentum Manufacturing,E-Commerce,Canada,North America,2023-11-04,customer1259@mail.com
CUST01260,Fusion Solutions,Wholesale,India,Asia,2026-01-19,customer1260@mail.com
CUST01261,Apex Cargo Group,Wholesale,Japan,Asia,2024-10-04,customer1261@mail.com
CUST01262,Elizabeth Ramirez,Corporate,Mexico,North America,2022-09-11,customer1262@mail.com
CUST01263,Atlas Supply Co,Corporate,USA,North America,2024-08-21,customer1263@mail.com
CUST01264,Alliance Solutions,Government,India,Asia,2023-01-09,customer1264@mail.com
CUST01265,Meridian Enterprises,Corporate,Australia,Oceania,2026-09-16,customer1265@mail.com
CUST01266,Alliance Logistics,Wholesale,France,Europe,2024-01-06,customer1266@mail.com
CUST01267,Prime Industries,Corporate,UK,Europe,2024-03-19,customer1267@mail.com
CUST01268,Prime Industries,Wholesale,Nigeria,Africa,2025-09-26,customer1268@mail.com
CUST01269,Sarah Davis,Corporate,Indonesia,Asia,2024-05-12,customer1269@mail.com
CUST01270,Emma Campbell,E-Commerce,UAE,Middle East,2022-09-18,customer1270@mail.com
CUST01271,Betty King,Corporate,Egypt,Africa,2026-01-26,customer1271@mail.com
CUST01272,Apex Networks,Wholesale,Germany,Europe,2022-02-13,customer1272@mail.com
CUST01273,Global Networks,Wholesale,Germany,Europe,2025-11-02,customer1273@mail.com
CUST01274,Nancy Lewis,Retail,Canada,North America,2025-05-07,customer1274@mail.com
CUST01275,Charles Allen,Corporate,South Korea,Asia,2022-06-19,customer1275@mail.com
CUST01276,Diego King,Wholesale,Spain,Europe,2023-01-18,customer1276@mail.com
CUST01277,Thomas Rivera,Corporate,Netherlands,Europe,2023-05-22,customer1277@mail.com
CUST01278,Michael Rivera,Government,Italy,Europe,2026-02-04,customer1278@mail.com
CUST01279,Catalyst Enterprises,Wholesale,Brazil,South America,2025-07-23,customer1279@mail.com
CUST01280,Titan Logistics,Wholesale,Spain,Europe,2023-07-15,customer1280@mail.com
CUST01281,Sofia Wilson,Retail,Germany,Europe,2022-07-06,customer1281@mail.com
CUST01282,Karen Rivera,Wholesale,Japan,Asia,2025-07-21,customer1282@mail.com
CUST01283,Crescent Logistics,Corporate,Spain,Europe,2024-11-10,customer1283@mail.com
CUST01284,Apex Distribution,E-Commerce,Argentina,South America,2024-01-15,customer1284@mail.com
CUST01285,Jessica Perez,Wholesale,India,Asia,2022-04-08,customer1285@mail.com
CUST01286,Orion Supply Co,Corporate,Canada,North America,2023-08-08,customer1286@mail.com
CUST01287,Michael Lewis,E-Commerce,Netherlands,Europe,2023-01-14,customer1287@mail.com
CUST01288,Zenith Traders,Retail,Indonesia,Asia,2022-07-18,customer1288@mail.com
CUST01289,William Thompson,E-Commerce,Chile,South America,2024-01-09,customer1289@mail.com
CUST01290,Mei Flores,Wholesale,Nigeria,Africa,2024-02-01,customer1290@mail.com
CUST01291,Catalyst Cargo Group,Retail,Argentina,South America,2022-06-28,customer1291@mail.com
CUST01292,Carlos Davis,Government,Germany,Europe,2022-03-26,customer1292@mail.com
CUST01293,Richard Campbell,Retail,Argentina,South America,2024-07-01,customer1293@mail.com
CUST01294,Sofia Thompson,Corporate,Mexico,North America,2023-09-10,customer1294@mail.com
CUST01295,Summit Logistics,Wholesale,Egypt,Africa,2022-09-19,customer1295@mail.com
CUST01296,Thomas Torres,E-Commerce,South Korea,Asia,2023-12-13,customer1296@mail.com
CUST01297,Linda Lewis,Corporate,Vietnam,Asia,2022-05-19,customer1297@mail.com
CUST01298,Wei Johnson,Government,South Korea,Asia,2022-12-08,customer1298@mail.com
CUST01299,William Martin,Government,Netherlands,Europe,2022-04-04,customer1299@mail.com
CUST01300,Lucas Wilson,Corporate,Canada,North America,2026-02-25,customer1300@mail.com
CUST01301,Wei Jones,Corporate,Indonesia,Asia,2022-12-05,customer1301@mail.com
CUST01302,Hana Sanchez,Government,Egypt,Africa,2024-03-31,customer1302@mail.com
CUST01303,Global Industries,Wholesale,Netherlands,Europe,2025-03-17,customer1303@mail.com
CUST01304,Wei Walker,Government,Saudi Arabia,Middle East,2024-10-28,customer1304@mail.com
CUST01305,Horizon Distribution,E-Commerce,Netherlands,Europe,2025-12-21,customer1305@mail.com
CUST01306,Horizon Logistics,Wholesale,UAE,Middle East,2024-12-28,customer1306@mail.com
CUST01307,Summit Solutions,Wholesale,Poland,Europe,2023-07-23,customer1307@mail.com
CUST01308,Patricia Nelson,Wholesale,Netherlands,Europe,2023-05-25,customer1308@mail.com
CUST01309,Fusion Enterprises,E-Commerce,UAE,Middle East,2025-05-24,customer1309@mail.com
CUST01310,Pinnacle Distribution,Wholesale,China,Asia,2026-01-18,customer1310@mail.com
CUST01311,Charles Perez,Retail,South Korea,Asia,2022-04-28,customer1311@mail.com
CUST01312,Atlas Industries,Retail,New Zealand,Oceania,2023-06-09,customer1312@mail.com
CUST01313,Fatima Miller,Corporate,UAE,Middle East,2026-01-19,customer1313@mail.com
CUST01314,Momentum Exports,Corporate,Argentina,South America,2023-02-27,customer1314@mail.com
CUST01315,Pioneer Holdings,Corporate,Spain,Europe,2025-07-13,customer1315@mail.com
CUST01316,Diego Lewis,Wholesale,Germany,Europe,2024-01-25,customer1316@mail.com
CUST01317,Vertex Manufacturing,Wholesale,Indonesia,Asia,2023-01-14,customer1317@mail.com
CUST01318,Diego Lopez,E-Commerce,Italy,Europe,2025-08-19,customer1318@mail.com
CUST01319,Vertex Partners,Government,USA,North America,2024-03-18,customer1319@mail.com
CUST01320,Nova Cargo Group,Corporate,Italy,Europe,2023-05-18,customer1320@mail.com
CUST01321,Michael Wright,Retail,Argentina,South America,2022-10-09,customer1321@mail.com
CUST01322,Titan Logistics,Retail,Brazil,South America,2022-08-14,customer1322@mail.com
CUST01323,John Rodriguez,Retail,Egypt,Africa,2023-05-24,customer1323@mail.com
CUST01324,Momentum Logistics,Retail,Netherlands,Europe,2026-06-11,customer1324@mail.com
CUST01325,Orion Partners,Retail,Australia,Oceania,2025-12-19,customer1325@mail.com
CUST01326,Catalyst Solutions,Wholesale,Italy,Europe,2024-06-28,customer1326@mail.com
CUST01327,Summit Supply Co,Government,Poland,Europe,2022-04-25,customer1327@mail.com
CUST01328,Pinnacle Traders,Retail,South Africa,Africa,2022-02-13,customer1328@mail.com
CUST01329,Michael King,Corporate,UK,Europe,2026-09-10,customer1329@mail.com
CUST01330,Horizon Logistics,Corporate,Germany,Europe,2023-04-10,customer1330@mail.com
CUST01331,Zenith Supply Co,Corporate,Japan,Asia,2025-11-02,customer1331@mail.com
CUST01332,Linda Allen,Retail,Chile,South America,2022-12-14,customer1332@mail.com
CUST01333,Zenith Freight,Government,Spain,Europe,2022-06-06,customer1333@mail.com
CUST01334,Nova Solutions,Government,China,Asia,2022-03-30,customer1334@mail.com
CUST01335,Sterling Freight,Wholesale,Germany,Europe,2025-05-13,customer1335@mail.com
CUST01336,Noah Hall,Government,Chile,South America,2023-09-10,customer1336@mail.com
CUST01337,Apex Distribution,E-Commerce,New Zealand,Oceania,2024-10-19,customer1337@mail.com
CUST01338,Ana Jones,Retail,Netherlands,Europe,2026-06-04,customer1338@mail.com
CUST01339,Elizabeth Perez,Corporate,Germany,Europe,2022-10-30,customer1339@mail.com
CUST01340,Rahul Jones,Government,Vietnam,Asia,2022-08-20,customer1340@mail.com
CUST01341,Sarah Martinez,E-Commerce,South Korea,Asia,2022-07-05,customer1341@mail.com
CUST01342,Titan Freight,Corporate,Germany,Europe,2023-10-16,customer1342@mail.com
CUST01343,Anthony Flores,E-Commerce,South Korea,Asia,2026-06-14,customer1343@mail.com
CUST01344,Olivia Taylor,Corporate,Germany,Europe,2024-02-24,customer1344@mail.com
CUST01345,Yuki Allen,Government,UAE,Middle East,2024-12-26,customer1345@mail.com
CUST01346,Nova Holdings,Corporate,New Zealand,Oceania,2026-01-04,customer1346@mail.com
CUST01347,Lucas Thomas,Retail,Singapore,Asia,2025-12-10,customer1347@mail.com
CUST01348,Pioneer Partners,E-Commerce,Spain,Europe,2022-02-05,customer1348@mail.com
CUST01349,William Davis,E-Commerce,UAE,Middle East,2022-05-03,customer1349@mail.com
CUST01350,William Martin,Wholesale,India,Asia,2024-07-31,customer1350@mail.com
CUST01351,Anthony Taylor,Wholesale,New Zealand,Oceania,2023-03-08,customer1351@mail.com
CUST01352,Linda Rivera,Wholesale,Canada,North America,2025-12-12,customer1352@mail.com
CUST01353,Lucas Lewis,Retail,Japan,Asia,2024-02-01,customer1353@mail.com
CUST01354,Catalyst Traders,Government,South Africa,Africa,2024-09-03,customer1354@mail.com
CUST01355,Fusion Industries,Wholesale,France,Europe,2022-06-11,customer1355@mail.com
CUST01356,Alliance Industries,Wholesale,Mexico,North America,2026-04-17,customer1356@mail.com
CUST01357,Valentina Wright,E-Commerce,Indonesia,Asia,2025-12-01,customer1357@mail.com
CUST01358,Nancy Robinson,Retail,Indonesia,Asia,2026-05-20,customer1358@mail.com
CUST01359,Prime Solutions,Retail,Poland,Europe,2025-08-08,customer1359@mail.com
CUST01360,Wei Hernandez,Corporate,Brazil,South America,2022-01-23,customer1360@mail.com
CUST01361,Sandra Torres,E-Commerce,New Zealand,Oceania,2025-12-27,customer1361@mail.com
CUST01362,Ana Thomas,Wholesale,Saudi Arabia,Middle East,2024-05-17,customer1362@mail.com
CUST01363,Mei Sanchez,Wholesale,Netherlands,Europe,2022-09-14,customer1363@mail.com
CUST01364,Joseph Clark,Government,Japan,Asia,2023-01-12,customer1364@mail.com
CUST01365,Lucas Walker,E-Commerce,Brazil,South America,2024-09-04,customer1365@mail.com
CUST01366,Matthew Hernandez,E-Commerce,Argentina,South America,2022-04-22,customer1366@mail.com
CUST01367,Sarah Miller,Retail,Argentina,South America,2022-08-02,customer1367@mail.com
CUST01368,Nancy Johnson,E-Commerce,India,Asia,2023-05-06,customer1368@mail.com
CUST01369,Robert Anderson,Retail,France,Europe,2025-05-07,customer1369@mail.com
CUST01370,Richard Torres,Retail,Egypt,Africa,2023-02-18,customer1370@mail.com
CUST01371,Catalyst Holdings,Government,Spain,Europe,2022-04-02,customer1371@mail.com
CUST01372,Patricia Perez,E-Commerce,Australia,Oceania,2022-07-10,customer1372@mail.com
CUST01373,Charles Clark,Wholesale,USA,North America,2024-10-21,customer1373@mail.com
CUST01374,Diego White,Retail,China,Asia,2022-09-23,customer1374@mail.com
CUST01375,Valentina King,Government,China,Asia,2022-07-26,customer1375@mail.com
CUST01376,Mary Hill,Corporate,Australia,Oceania,2026-06-19,customer1376@mail.com
CUST01377,John Martin,Wholesale,Indonesia,Asia,2022-11-27,customer1377@mail.com
CUST01378,Liam Garcia,Wholesale,Chile,South America,2026-01-11,customer1378@mail.com
CUST01379,Olivia Martinez,Wholesale,Italy,Europe,2026-04-24,customer1379@mail.com
CUST01380,Diego Flores,Government,Singapore,Asia,2025-08-27,customer1380@mail.com
CUST01381,Summit Freight,E-Commerce,Egypt,Africa,2023-08-19,customer1381@mail.com
CUST01382,Margaret Williams,Corporate,Brazil,South America,2025-12-30,customer1382@mail.com
CUST01383,Momentum Holdings,Wholesale,Spain,Europe,2022-06-03,customer1383@mail.com
CUST01384,Priya Miller,Retail,Saudi Arabia,Middle East,2026-07-07,customer1384@mail.com
CUST01385,Karen Torres,Retail,Germany,Europe,2026-11-12,customer1385@mail.com
CUST01386,Orion Industries,Wholesale,Indonesia,Asia,2023-08-29,customer1386@mail.com
CUST01387,Fusion Freight,Retail,Mexico,North America,2022-07-02,customer1387@mail.com
CUST01388,Sandra Moore,E-Commerce,France,Europe,2024-08-27,customer1388@mail.com
CUST01389,Olivia Rodriguez,Government,Egypt,Africa,2022-09-11,customer1389@mail.com
CUST01390,Zenith Cargo Group,Government,Indonesia,Asia,2024-04-17,customer1390@mail.com
CUST01391,Fusion Exports,Government,Chile,South America,2026-09-27,customer1391@mail.com
CUST01392,Alliance Exports,E-Commerce,China,Asia,2024-07-10,customer1392@mail.com
CUST01393,Prime Systems,Wholesale,Chile,South America,2026-06-08,customer1393@mail.com
CUST01394,James Martinez,Retail,South Africa,Africa,2026-10-14,customer1394@mail.com
CUST01395,Catalyst Cargo Group,Retail,Poland,Europe,2026-10-15,customer1395@mail.com
CUST01396,Meridian Enterprises,E-Commerce,Spain,Europe,2022-07-11,customer1396@mail.com
CUST01397,Yuki Walker,Retail,Vietnam,Asia,2022-08-12,customer1397@mail.com
CUST01398,Betty Lewis,Corporate,France,Europe,2023-02-13,customer1398@mail.com
CUST01399,Orion Holdings,Wholesale,China,Asia,2024-09-22,customer1399@mail.com
CUST01400,Linda Jackson,Retail,South Africa,Africa,2024-07-19,customer1400@mail.com
CUST01401,Crescent Industries,Wholesale,UAE,Middle East,2025-08-04,customer1401@mail.com
CUST01402,Carlos Sanchez,E-Commerce,China,Asia,2022-05-08,customer1402@mail.com
CUST01403,Rahul Anderson,Wholesale,Australia,Oceania,2022-04-21,customer1403@mail.com
CUST01404,Emma Lewis,E-Commerce,USA,North America,2023-07-07,customer1404@mail.com
CUST01405,Summit Traders,Corporate,Argentina,South America,2023-07-15,customer1405@mail.com
CUST01406,Meridian Partners,Government,Mexico,North America,2024-05-09,customer1406@mail.com
CUST01407,Thomas Lopez,Retail,Italy,Europe,2026-08-28,customer1407@mail.com
CUST01408,Margaret Thompson,E-Commerce,Mexico,North America,2026-03-23,customer1408@mail.com
CUST01409,Alliance Manufacturing,Government,France,Europe,2024-08-31,customer1409@mail.com
CUST01410,Lucas Lewis,Government,South Africa,Africa,2023-12-28,customer1410@mail.com
CUST01411,Hana Flores,Retail,Japan,Asia,2023-02-11,customer1411@mail.com
CUST01412,Sofia Martinez,E-Commerce,Nigeria,Africa,2023-10-26,customer1412@mail.com
CUST01413,Meridian Solutions,Corporate,USA,North America,2022-10-30,customer1413@mail.com
CUST01414,Alliance Distribution,Retail,China,Asia,2024-12-02,customer1414@mail.com
CUST01415,William Adams,Government,Vietnam,Asia,2024-07-09,customer1415@mail.com
CUST01416,Pioneer Cargo Group,Government,UK,Europe,2025-11-27,customer1416@mail.com
CUST01417,Titan Supply Co,Wholesale,Egypt,Africa,2023-12-14,customer1417@mail.com
CUST01418,Ahmed Smith,E-Commerce,Italy,Europe,2024-01-29,customer1418@mail.com
CUST01419,Zenith Exports,Retail,USA,North America,2026-08-05,customer1419@mail.com
CUST01420,Sandra Ramirez,E-Commerce,South Africa,Africa,2024-04-20,customer1420@mail.com
CUST01421,Margaret Wright,E-Commerce,India,Asia,2026-04-16,customer1421@mail.com
CUST01422,Sandra Lewis,Wholesale,UK,Europe,2024-02-04,customer1422@mail.com
CUST01423,Yuki Lewis,E-Commerce,UAE,Middle East,2024-02-21,customer1423@mail.com
CUST01424,Margaret Adams,Government,Chile,South America,2023-08-04,customer1424@mail.com
CUST01425,Michael Garcia,Retail,UK,Europe,2025-08-23,customer1425@mail.com
CUST01426,Michael Allen,Government,Brazil,South America,2026-03-16,customer1426@mail.com
CUST01427,Meridian Exports,Retail,UAE,Middle East,2025-04-05,customer1427@mail.com
CUST01428,Alliance Supply Co,Corporate,Chile,South America,2023-04-02,customer1428@mail.com
CUST01429,Pioneer Partners,Retail,UAE,Middle East,2024-08-19,customer1429@mail.com
CUST01430,Sandra Ramirez,Corporate,India,Asia,2026-08-08,customer1430@mail.com
CUST01431,Joseph King,E-Commerce,USA,North America,2023-08-04,customer1431@mail.com
CUST01432,Alliance Enterprises,Retail,Chile,South America,2023-05-10,customer1432@mail.com
CUST01433,Global Industries,E-Commerce,South Korea,Asia,2026-06-07,customer1433@mail.com
CUST01434,Valentina Flores,E-Commerce,New Zealand,Oceania,2023-10-13,customer1434@mail.com
CUST01435,Margaret Taylor,Corporate,France,Europe,2025-02-12,customer1435@mail.com
CUST01436,Betty Brown,Government,Italy,Europe,2026-06-30,customer1436@mail.com
CUST01437,Titan Systems,Corporate,South Korea,Asia,2022-12-22,customer1437@mail.com
CUST01438,Margaret Thomas,Wholesale,China,Asia,2022-07-23,customer1438@mail.com
CUST01439,Catalyst Networks,E-Commerce,Singapore,Asia,2024-03-13,customer1439@mail.com
CUST01440,Chris Anderson,Retail,New Zealand,Oceania,2022-07-10,customer1440@mail.com
CUST01441,Liam Hill,Retail,USA,North America,2022-11-10,customer1441@mail.com
CUST01442,Jennifer Nguyen,Retail,Brazil,South America,2024-02-23,customer1442@mail.com
CUST01443,Sandra Adams,E-Commerce,Nigeria,Africa,2025-07-17,customer1443@mail.com
CUST01444,Horizon Distribution,Government,France,Europe,2023-02-01,customer1444@mail.com
CUST01445,Titan Networks,Retail,New Zealand,Oceania,2023-06-18,customer1445@mail.com
CUST01446,Summit Enterprises,Government,Netherlands,Europe,2022-02-17,customer1446@mail.com
CUST01447,Momentum Traders,Wholesale,UK,Europe,2022-08-08,customer1447@mail.com
CUST01448,Vertex Traders,Corporate,Poland,Europe,2022-06-08,customer1448@mail.com
CUST01449,Susan Clark,Corporate,India,Asia,2022-07-26,customer1449@mail.com
CUST01450,Nova Manufacturing,Retail,Australia,Oceania,2025-07-05,customer1450@mail.com
CUST01451,Matthew Perez,Corporate,Italy,Europe,2025-07-21,customer1451@mail.com
CUST01452,Zenith Logistics,Government,Australia,Oceania,2023-01-01,customer1452@mail.com
CUST01453,John Davis,E-Commerce,Argentina,South America,2023-12-04,customer1453@mail.com
CUST01454,Carlos Scott,Wholesale,Indonesia,Asia,2022-01-11,customer1454@mail.com
CUST01455,Linda Wilson,Retail,Singapore,Asia,2025-05-26,customer1455@mail.com
CUST01456,Sterling Networks,Wholesale,UAE,Middle East,2022-11-09,customer1456@mail.com
CUST01457,Pioneer Logistics,Wholesale,India,Asia,2023-11-02,customer1457@mail.com
CUST01458,Summit Distribution,Corporate,Spain,Europe,2023-07-15,customer1458@mail.com
CUST01459,Daniel Campbell,E-Commerce,Italy,Europe,2025-02-03,customer1459@mail.com
CUST01460,Priya Lewis,Corporate,Vietnam,Asia,2024-11-15,customer1460@mail.com
CUST01461,Pioneer Enterprises,E-Commerce,Italy,Europe,2026-09-29,customer1461@mail.com
CUST01462,Catalyst Distribution,Wholesale,Japan,Asia,2022-12-06,customer1462@mail.com
CUST01463,Mark Lewis,E-Commerce,Nigeria,Africa,2025-05-06,customer1463@mail.com
CUST01464,Apex Holdings,Corporate,New Zealand,Oceania,2024-02-24,customer1464@mail.com
CUST01465,Lisa Adams,Retail,Italy,Europe,2026-08-06,customer1465@mail.com
CUST01466,Prime Exports,Government,Vietnam,Asia,2023-06-03,customer1466@mail.com
CUST01467,Sterling Freight,Retail,South Korea,Asia,2024-03-26,customer1467@mail.com
CUST01468,Orion Cargo Group,Wholesale,UK,Europe,2026-06-08,customer1468@mail.com
CUST01469,Pioneer Enterprises,E-Commerce,India,Asia,2024-02-01,customer1469@mail.com
CUST01470,Linda Smith,Retail,Germany,Europe,2023-10-15,customer1470@mail.com
CUST01471,Meridian Holdings,E-Commerce,South Africa,Africa,2026-06-17,customer1471@mail.com
CUST01472,Matthew Martin,Wholesale,Spain,Europe,2025-05-17,customer1472@mail.com
CUST01473,Pinnacle Distribution,Government,Singapore,Asia,2026-01-06,customer1473@mail.com
CUST01474,Robert Nguyen,Corporate,Australia,Oceania,2025-08-16,customer1474@mail.com
CUST01475,Chris Perez,Wholesale,Chile,South America,2023-02-10,customer1475@mail.com
CUST01476,Priya Williams,Corporate,Canada,North America,2023-07-17,customer1476@mail.com
CUST01477,Vertex Holdings,Government,UK,Europe,2023-11-01,customer1477@mail.com
CUST01478,Global Distribution,Government,Japan,Asia,2022-02-06,customer1478@mail.com
CUST01479,Charles Rodriguez,Corporate,USA,North America,2026-09-20,customer1479@mail.com
CUST01480,Mei Williams,Retail,Canada,North America,2023-11-22,customer1480@mail.com
CUST01481,Anthony Lee,E-Commerce,Mexico,North America,2023-07-17,customer1481@mail.com
CUST01482,Nova Exports,E-Commerce,Egypt,Africa,2026-05-06,customer1482@mail.com
CUST01483,Betty Lee,Corporate,Indonesia,Asia,2025-11-27,customer1483@mail.com
CUST01484,Linda Harris,Retail,Indonesia,Asia,2025-06-19,customer1484@mail.com
CUST01485,Global Industries,E-Commerce,USA,North America,2022-08-04,customer1485@mail.com
CUST01486,Joseph Hernandez,Wholesale,South Africa,Africa,2022-06-30,customer1486@mail.com
CUST01487,Lisa Scott,Retail,Nigeria,Africa,2022-01-11,customer1487@mail.com
CUST01488,John Davis,E-Commerce,Netherlands,Europe,2022-04-09,customer1488@mail.com
CUST01489,Momentum Networks,Corporate,Mexico,North America,2026-07-22,customer1489@mail.com
CUST01490,William Hill,Retail,Netherlands,Europe,2024-08-01,customer1490@mail.com
CUST01491,Summit Networks,Corporate,Germany,Europe,2025-04-11,customer1491@mail.com
CUST01492,Linda Wright,Wholesale,Argentina,South America,2024-12-16,customer1492@mail.com
CUST01493,Priya Jackson,Corporate,Saudi Arabia,Middle East,2023-10-22,customer1493@mail.com
CUST01494,Zenith Systems,E-Commerce,Spain,Europe,2022-06-19,customer1494@mail.com
CUST01495,Jessica Baker,Wholesale,UAE,Middle East,2025-08-18,customer1495@mail.com
CUST01496,Crescent Logistics,Retail,South Africa,Africa,2023-03-12,customer1496@mail.com
CUST01497,Titan Supply Co,Retail,Chile,South America,2024-09-25,customer1497@mail.com
CUST01498,Catalyst Networks,Government,China,Asia,2024-12-16,customer1498@mail.com
CUST01499,Karen Campbell,Wholesale,China,Asia,2024-07-18,customer1499@mail.com
CUST01500,Summit Supply Co,Corporate,Singapore,Asia,2024-01-15,customer1500@mail.com
CUST01501,Wei Wilson,Corporate,Vietnam,Asia,2026-05-17,customer1501@mail.com
CUST01502,Alliance Industries,E-Commerce,Italy,Europe,2025-11-06,customer1502@mail.com
CUST01503,Elizabeth Walker,Retail,Saudi Arabia,Middle East,2026-11-30,customer1503@mail.com
CUST01504,Global Solutions,Wholesale,Nigeria,Africa,2024-08-01,customer1504@mail.com
CUST01505,Sterling Manufacturing,E-Commerce,Netherlands,Europe,2023-12-22,customer1505@mail.com
CUST01506,Jennifer White,Wholesale,UK,Europe,2024-06-02,customer1506@mail.com
CUST01507,Alliance Exports,Retail,Germany,Europe,2023-11-15,customer1507@mail.com
CUST01508,Apex Logistics,Corporate,Vietnam,Asia,2025-08-21,customer1508@mail.com
CUST01509,Richard Martin,Corporate,Nigeria,Africa,2023-01-23,customer1509@mail.com
CUST01510,Mei Flores,Government,France,Europe,2024-10-07,customer1510@mail.com
CUST01511,Prime Enterprises,Retail,South Korea,Asia,2023-05-25,customer1511@mail.com
CUST01512,Prime Holdings,Wholesale,Spain,Europe,2023-06-30,customer1512@mail.com
CUST01513,Sarah Thomas,Corporate,Mexico,North America,2025-06-24,customer1513@mail.com
CUST01514,Horizon Systems,E-Commerce,Japan,Asia,2026-08-15,customer1514@mail.com
CUST01515,Pioneer Freight,E-Commerce,Indonesia,Asia,2025-07-28,customer1515@mail.com
CUST01516,Diego Smith,Wholesale,South Africa,Africa,2022-07-13,customer1516@mail.com
CUST01517,Sofia Young,E-Commerce,Singapore,Asia,2026-02-22,customer1517@mail.com
CUST01518,Orion Enterprises,Wholesale,South Africa,Africa,2022-05-23,customer1518@mail.com
CUST01519,Meridian Industries,Corporate,France,Europe,2022-01-27,customer1519@mail.com
CUST01520,Vertex Distribution,Wholesale,South Korea,Asia,2022-06-07,customer1520@mail.com
CUST01521,James Flores,Corporate,Chile,South America,2023-12-23,customer1521@mail.com
CUST01522,Horizon Manufacturing,Retail,Saudi Arabia,Middle East,2022-08-13,customer1522@mail.com
CUST01523,Zenith Partners,Government,New Zealand,Oceania,2023-04-13,customer1523@mail.com
CUST01524,Summit Networks,Retail,Singapore,Asia,2022-07-12,customer1524@mail.com
CUST01525,Nancy Robinson,E-Commerce,Poland,Europe,2024-10-01,customer1525@mail.com
CUST01526,Crescent Distribution,Corporate,UAE,Middle East,2024-01-17,customer1526@mail.com
CUST01527,Karen Campbell,Government,USA,North America,2023-11-15,customer1527@mail.com
CUST01528,Carlos Young,E-Commerce,Egypt,Africa,2022-08-19,customer1528@mail.com
CUST01529,Liam Johnson,Corporate,Chile,South America,2022-10-30,customer1529@mail.com
CUST01530,Elizabeth White,Retail,Spain,Europe,2024-10-16,customer1530@mail.com
CUST01531,Lucas Lewis,Wholesale,Spain,Europe,2024-01-07,customer1531@mail.com
CUST01532,Titan Enterprises,E-Commerce,Nigeria,Africa,2022-08-10,customer1532@mail.com
CUST01533,Mark Wright,E-Commerce,Argentina,South America,2022-12-25,customer1533@mail.com
CUST01534,Orion Cargo Group,Corporate,Chile,South America,2025-04-21,customer1534@mail.com
CUST01535,Prime Holdings,E-Commerce,Netherlands,Europe,2024-12-01,customer1535@mail.com
CUST01536,Margaret Walker,E-Commerce,New Zealand,Oceania,2025-03-06,customer1536@mail.com
CUST01537,Global Manufacturing,Wholesale,Poland,Europe,2025-11-04,customer1537@mail.com
CUST01538,Mei Martin,Government,Vietnam,Asia,2025-07-01,customer1538@mail.com
CUST01539,Crescent Distribution,E-Commerce,Chile,South America,2022-05-13,customer1539@mail.com
CUST01540,Susan Martin,Government,USA,North America,2026-08-18,customer1540@mail.com
CUST01541,Zenith Logistics,E-Commerce,UK,Europe,2024-05-31,customer1541@mail.com
CUST01542,Patricia Moore,E-Commerce,Chile,South America,2022-10-10,customer1542@mail.com
CUST01543,Wei Baker,Government,Poland,Europe,2026-04-24,customer1543@mail.com
CUST01544,Ana Jackson,Wholesale,Germany,Europe,2022-10-20,customer1544@mail.com
CUST01545,Jennifer Martin,Retail,South Korea,Asia,2023-03-25,customer1545@mail.com
CUST01546,Jessica Hall,Corporate,Indonesia,Asia,2025-07-28,customer1546@mail.com
CUST01547,Apex Solutions,E-Commerce,South Korea,Asia,2023-06-20,customer1547@mail.com
CUST01548,Catalyst Cargo Group,E-Commerce,Brazil,South America,2025-10-22,customer1548@mail.com
CUST01549,Emma Wilson,Wholesale,Australia,Oceania,2023-05-28,customer1549@mail.com
CUST01550,Karen Lee,E-Commerce,South Korea,Asia,2022-06-25,customer1550@mail.com
CUST01551,Sandra Scott,Corporate,Saudi Arabia,Middle East,2023-01-11,customer1551@mail.com
CUST01552,Margaret Miller,Government,Australia,Oceania,2022-10-11,customer1552@mail.com
CUST01553,Wei Hall,E-Commerce,Vietnam,Asia,2025-12-30,customer1553@mail.com
CUST01554,Meridian Cargo Group,Corporate,Vietnam,Asia,2024-04-20,customer1554@mail.com
CUST01555,Mary Ramirez,Wholesale,USA,North America,2022-07-01,customer1555@mail.com
CUST01556,Jessica Hill,E-Commerce,Brazil,South America,2024-11-14,customer1556@mail.com
CUST01557,Ahmed Martin,Corporate,Germany,Europe,2022-04-20,customer1557@mail.com
CUST01558,James Walker,Government,Germany,Europe,2026-07-12,customer1558@mail.com
CUST01559,Jennifer Brown,Retail,Vietnam,Asia,2023-07-08,customer1559@mail.com
CUST01560,Charles Nguyen,E-Commerce,China,Asia,2024-09-13,customer1560@mail.com
CUST01561,Catalyst Enterprises,Retail,Canada,North America,2024-11-12,customer1561@mail.com
CUST01562,Summit Exports,Corporate,South Africa,Africa,2026-02-25,customer1562@mail.com
CUST01563,Summit Distribution,E-Commerce,Germany,Europe,2025-07-10,customer1563@mail.com
CUST01564,James Allen,Wholesale,Nigeria,Africa,2025-07-01,customer1564@mail.com
CUST01565,Summit Holdings,Government,UK,Europe,2022-09-05,customer1565@mail.com
CUST01566,Apex Manufacturing,Government,UK,Europe,2022-02-20,customer1566@mail.com
CUST01567,Apex Distribution,Corporate,Vietnam,Asia,2024-04-08,customer1567@mail.com
CUST01568,Yuki Moore,Government,France,Europe,2026-08-10,customer1568@mail.com
CUST01569,Noah Green,Corporate,Chile,South America,2022-09-10,customer1569@mail.com
CUST01570,Barbara Martinez,Wholesale,Germany,Europe,2026-08-04,customer1570@mail.com
CUST01571,Lucas Scott,Corporate,France,Europe,2023-02-15,customer1571@mail.com
CUST01572,Apex Holdings,E-Commerce,Indonesia,Asia,2024-10-06,customer1572@mail.com
CUST01573,Titan Systems,Retail,Chile,South America,2026-06-27,customer1573@mail.com
CUST01574,Margaret Martinez,E-Commerce,Vietnam,Asia,2022-02-27,customer1574@mail.com
CUST01575,Titan Logistics,E-Commerce,Vietnam,Asia,2025-04-03,customer1575@mail.com
CUST01576,Noah Green,Retail,Canada,North America,2024-06-29,customer1576@mail.com
CUST01577,Sandra Walker,Retail,India,Asia,2023-07-22,customer1577@mail.com
CUST01578,Sterling Supply Co,Government,France,Europe,2023-12-16,customer1578@mail.com
CUST01579,Barbara Nelson,E-Commerce,Japan,Asia,2022-11-07,customer1579@mail.com
CUST01580,Nancy Walker,Wholesale,Argentina,South America,2026-01-04,customer1580@mail.com
CUST01581,Noah Lee,Retail,Netherlands,Europe,2024-03-17,customer1581@mail.com
CUST01582,Matthew Young,Wholesale,New Zealand,Oceania,2025-05-25,customer1582@mail.com
CUST01583,Wei Baker,E-Commerce,Saudi Arabia,Middle East,2024-12-12,customer1583@mail.com
CUST01584,Fatima Hill,Government,Germany,Europe,2023-12-14,customer1584@mail.com
CUST01585,Robert Williams,Wholesale,Brazil,South America,2022-03-02,customer1585@mail.com
CUST01586,Apex Manufacturing,Corporate,Spain,Europe,2025-10-23,customer1586@mail.com
CUST01587,Diego Taylor,Wholesale,China,Asia,2022-08-04,customer1587@mail.com
CUST01588,Anthony Jones,Government,Nigeria,Africa,2022-05-07,customer1588@mail.com
CUST01589,Nova Manufacturing,E-Commerce,Netherlands,Europe,2026-04-13,customer1589@mail.com
CUST01590,Mary Lopez,Retail,Brazil,South America,2023-10-20,customer1590@mail.com
CUST01591,William Adams,Government,South Africa,Africa,2025-03-21,customer1591@mail.com
CUST01592,Crescent Manufacturing,E-Commerce,Italy,Europe,2025-10-22,customer1592@mail.com
CUST01593,Vertex Cargo Group,Government,Spain,Europe,2026-07-25,customer1593@mail.com
CUST01594,Jennifer Hill,Retail,Australia,Oceania,2022-02-19,customer1594@mail.com
CUST01595,Summit Solutions,E-Commerce,Italy,Europe,2022-01-11,customer1595@mail.com
CUST01596,Yuki Jones,Wholesale,Egypt,Africa,2023-11-29,customer1596@mail.com
CUST01597,Diego Nelson,Corporate,Chile,South America,2024-12-17,customer1597@mail.com
CUST01598,Ahmed Young,E-Commerce,Italy,Europe,2024-10-22,customer1598@mail.com
CUST01599,Hana Rodriguez,Retail,India,Asia,2026-06-30,customer1599@mail.com
CUST01600,Matthew Jones,Retail,Vietnam,Asia,2025-03-11,customer1600@mail.com
CUST01601,Karen Miller,Corporate,Germany,Europe,2022-08-30,customer1601@mail.com
CUST01602,Pinnacle Freight,Wholesale,Spain,Europe,2022-02-16,customer1602@mail.com
CUST01603,Thomas Sanchez,E-Commerce,New Zealand,Oceania,2025-12-11,customer1603@mail.com
CUST01604,David Martin,Government,Mexico,North America,2022-06-03,customer1604@mail.com
CUST01605,Sterling Solutions,Government,Saudi Arabia,Middle East,2025-06-05,customer1605@mail.com
CUST01606,Prime Exports,Retail,Poland,Europe,2025-11-29,customer1606@mail.com
CUST01607,Thomas Nelson,Retail,Saudi Arabia,Middle East,2022-03-03,customer1607@mail.com
CUST01608,Richard Thompson,Retail,China,Asia,2026-04-16,customer1608@mail.com
CUST01609,Orion Solutions,Retail,Germany,Europe,2026-04-01,customer1609@mail.com
CUST01610,Ahmed Green,Retail,Spain,Europe,2025-12-10,customer1610@mail.com
CUST01611,Anthony Flores,Government,India,Asia,2026-02-23,customer1611@mail.com
CUST01612,Rahul Rodriguez,Retail,Mexico,North America,2023-07-09,customer1612@mail.com
CUST01613,Sterling Supply Co,E-Commerce,UK,Europe,2025-08-24,customer1613@mail.com
CUST01614,Joseph Johnson,Retail,South Korea,Asia,2022-04-24,customer1614@mail.com
CUST01615,Richard Scott,Corporate,Egypt,Africa,2025-05-30,customer1615@mail.com
CUST01616,Mary Torres,Retail,Chile,South America,2024-09-14,customer1616@mail.com
CUST01617,Lucas Rodriguez,Corporate,Japan,Asia,2024-05-30,customer1617@mail.com
CUST01618,Meridian Traders,E-Commerce,UAE,Middle East,2025-06-14,customer1618@mail.com
CUST01619,Alliance Solutions,Wholesale,India,Asia,2022-04-29,customer1619@mail.com
CUST01620,Global Supply Co,Government,Spain,Europe,2024-04-25,customer1620@mail.com
CUST01621,Global Partners,Wholesale,Saudi Arabia,Middle East,2026-01-14,customer1621@mail.com
CUST01622,Prime Industries,Wholesale,New Zealand,Oceania,2024-06-17,customer1622@mail.com
CUST01623,Fusion Holdings,Wholesale,Poland,Europe,2025-09-03,customer1623@mail.com
CUST01624,Titan Manufacturing,Retail,Poland,Europe,2025-09-08,customer1624@mail.com
CUST01625,Atlas Exports,Corporate,Chile,South America,2023-02-26,customer1625@mail.com
CUST01626,Daniel Thomas,E-Commerce,South Africa,Africa,2024-06-27,customer1626@mail.com
CUST01627,Charles Nelson,Government,India,Asia,2023-05-16,customer1627@mail.com
CUST01628,Pinnacle Exports,Retail,Netherlands,Europe,2022-08-02,customer1628@mail.com
CUST01629,Ana Green,E-Commerce,India,Asia,2024-09-22,customer1629@mail.com
CUST01630,Summit Partners,Wholesale,Mexico,North America,2024-12-02,customer1630@mail.com
CUST01631,Susan Davis,Wholesale,Poland,Europe,2024-02-02,customer1631@mail.com
CUST01632,Lucas Robinson,Corporate,Canada,North America,2025-08-24,customer1632@mail.com
CUST01633,Prime Distribution,Government,UK,Europe,2023-07-24,customer1633@mail.com
CUST01634,Nova Logistics,Government,Japan,Asia,2023-07-26,customer1634@mail.com
CUST01635,Matthew Sanchez,Retail,Japan,Asia,2024-06-28,customer1635@mail.com
CUST01636,Vertex Enterprises,Government,Spain,Europe,2024-06-01,customer1636@mail.com
CUST01637,John Scott,E-Commerce,Canada,North America,2026-04-12,customer1637@mail.com
CUST01638,Nancy Moore,Government,USA,North America,2026-07-18,customer1638@mail.com
CUST01639,Nancy Green,Corporate,Italy,Europe,2024-06-07,customer1639@mail.com
CUST01640,Valentina Brown,Retail,Australia,Oceania,2026-07-12,customer1640@mail.com
CUST01641,Zenith Partners,Corporate,UAE,Middle East,2024-12-31,customer1641@mail.com
CUST01642,Ahmed Wright,Wholesale,South Korea,Asia,2023-06-17,customer1642@mail.com
CUST01643,Jessica Rodriguez,E-Commerce,Japan,Asia,2022-02-01,customer1643@mail.com
CUST01644,Sarah Garcia,Government,Australia,Oceania,2023-05-27,customer1644@mail.com
CUST01645,Titan Logistics,E-Commerce,Poland,Europe,2025-06-14,customer1645@mail.com
CUST01646,Atlas Networks,Government,India,Asia,2025-08-30,customer1646@mail.com
CUST01647,Catalyst Enterprises,E-Commerce,USA,North America,2023-10-20,customer1647@mail.com
CUST01648,Mary Robinson,Corporate,France,Europe,2022-01-19,customer1648@mail.com
CUST01649,Rahul Adams,Government,Canada,North America,2026-09-26,customer1649@mail.com
CUST01650,Fatima Garcia,Government,Italy,Europe,2023-07-21,customer1650@mail.com
CUST01651,Nova Manufacturing,E-Commerce,UAE,Middle East,2023-01-04,customer1651@mail.com
CUST01652,Thomas Allen,Wholesale,Egypt,Africa,2022-09-18,customer1652@mail.com
CUST01653,Momentum Enterprises,Wholesale,Argentina,South America,2022-04-12,customer1653@mail.com
CUST01654,Barbara Hall,Corporate,UK,Europe,2024-11-03,customer1654@mail.com
CUST01655,Pinnacle Systems,Retail,Saudi Arabia,Middle East,2023-04-12,customer1655@mail.com
CUST01656,Thomas Johnson,E-Commerce,South Africa,Africa,2025-10-21,customer1656@mail.com
CUST01657,Carlos Taylor,Retail,UAE,Middle East,2023-12-18,customer1657@mail.com
CUST01658,Linda King,Wholesale,Mexico,North America,2022-06-08,customer1658@mail.com
CUST01659,Fusion Partners,Corporate,Italy,Europe,2026-08-12,customer1659@mail.com
CUST01660,Charles Martinez,E-Commerce,Mexico,North America,2022-02-20,customer1660@mail.com
CUST01661,Nancy Ramirez,E-Commerce,Brazil,South America,2025-08-28,customer1661@mail.com
CUST01662,Charles Green,Wholesale,Indonesia,Asia,2022-03-05,customer1662@mail.com
CUST01663,Summit Solutions,Retail,India,Asia,2025-04-25,customer1663@mail.com
CUST01664,Chris King,Government,UK,Europe,2026-01-05,customer1664@mail.com
CUST01665,Daniel Anderson,Government,Australia,Oceania,2024-02-15,customer1665@mail.com
CUST01666,Elizabeth Sanchez,Retail,Canada,North America,2026-04-11,customer1666@mail.com
CUST01667,Joseph Nguyen,Government,Mexico,North America,2024-10-28,customer1667@mail.com
CUST01668,Anthony Scott,Retail,Argentina,South America,2026-02-10,customer1668@mail.com
CUST01669,Carlos Young,Government,Singapore,Asia,2025-09-12,customer1669@mail.com
CUST01670,Sarah Wilson,Government,Singapore,Asia,2026-09-09,customer1670@mail.com
CUST01671,Nancy Taylor,E-Commerce,Poland,Europe,2026-06-25,customer1671@mail.com
CUST01672,Valentina Davis,Wholesale,Spain,Europe,2025-11-20,customer1672@mail.com
CUST01673,Anthony Harris,E-Commerce,Vietnam,Asia,2022-06-13,customer1673@mail.com
CUST01674,Lisa Nelson,Government,UAE,Middle East,2024-09-18,customer1674@mail.com
CUST01675,Anthony Thomas,Wholesale,Spain,Europe,2025-03-12,customer1675@mail.com
CUST01676,Alliance Enterprises,Wholesale,UAE,Middle East,2025-04-12,customer1676@mail.com
CUST01677,Zenith Freight,Retail,Brazil,South America,2023-10-05,customer1677@mail.com
CUST01678,Wei Martinez,Corporate,Mexico,North America,2025-03-25,customer1678@mail.com
CUST01679,Richard Lopez,Corporate,Argentina,South America,2026-11-30,customer1679@mail.com
CUST01680,Alliance Distribution,Government,USA,North America,2026-04-17,customer1680@mail.com
CUST01681,Valentina Miller,Retail,South Africa,Africa,2022-09-16,customer1681@mail.com
CUST01682,Lucas Hernandez,Wholesale,New Zealand,Oceania,2022-05-30,customer1682@mail.com
CUST01683,Matthew Lewis,Wholesale,Singapore,Asia,2023-12-27,customer1683@mail.com
CUST01684,Jessica Campbell,Retail,Japan,Asia,2023-08-24,customer1684@mail.com
CUST01685,Nancy Hill,Government,China,Asia,2025-05-31,customer1685@mail.com
CUST01686,John Jones,E-Commerce,UK,Europe,2026-02-21,customer1686@mail.com
CUST01687,Liam Robinson,Corporate,Vietnam,Asia,2026-02-25,customer1687@mail.com
CUST01688,Lucas Rodriguez,Wholesale,Poland,Europe,2026-02-11,customer1688@mail.com
CUST01689,Wei Garcia,Retail,Nigeria,Africa,2022-11-08,customer1689@mail.com
CUST01690,Emma Nelson,Corporate,Saudi Arabia,Middle East,2024-07-17,customer1690@mail.com
CUST01691,Wei Hill,Retail,China,Asia,2023-07-27,customer1691@mail.com
CUST01692,Orion Logistics,Government,Spain,Europe,2025-03-01,customer1692@mail.com
CUST01693,Margaret Martin,Corporate,Singapore,Asia,2023-10-24,customer1693@mail.com
CUST01694,Elizabeth Williams,Wholesale,China,Asia,2026-07-26,customer1694@mail.com
CUST01695,Ahmed Green,Retail,South Korea,Asia,2023-10-06,customer1695@mail.com
CUST01696,Apex Distribution,Corporate,India,Asia,2023-07-15,customer1696@mail.com
CUST01697,Vertex Distribution,Government,Vietnam,Asia,2023-06-16,customer1697@mail.com
CUST01698,Horizon Enterprises,Wholesale,Egypt,Africa,2023-07-25,customer1698@mail.com
CUST01699,Sterling Networks,Retail,UK,Europe,2022-12-12,customer1699@mail.com
CUST01700,Yuki Scott,Wholesale,Brazil,South America,2026-06-25,customer1700@mail.com
CUST01701,Mary Harris,E-Commerce,USA,North America,2023-02-21,customer1701@mail.com
CUST01702,Mark Wright,Corporate,Saudi Arabia,Middle East,2022-09-16,customer1702@mail.com
CUST01703,Ana Campbell,Retail,Poland,Europe,2026-09-27,customer1703@mail.com
CUST01704,Priya Moore,Wholesale,Vietnam,Asia,2022-06-27,customer1704@mail.com
CUST01705,Linda White,Retail,Netherlands,Europe,2026-07-04,customer1705@mail.com
CUST01706,Diego Jones,Wholesale,Nigeria,Africa,2023-11-01,customer1706@mail.com
CUST01707,Meridian Enterprises,Government,Singapore,Asia,2026-02-15,customer1707@mail.com
CUST01708,Ana Rivera,Retail,Chile,South America,2023-10-07,customer1708@mail.com
CUST01709,Sterling Freight,Government,South Korea,Asia,2023-01-25,customer1709@mail.com
CUST01710,Liam Williams,Retail,Chile,South America,2025-07-23,customer1710@mail.com
CUST01711,Titan Partners,Wholesale,Spain,Europe,2023-03-27,customer1711@mail.com
CUST01712,Priya Lopez,Corporate,Netherlands,Europe,2026-02-11,customer1712@mail.com
CUST01713,Nova Exports,Wholesale,Poland,Europe,2026-10-22,customer1713@mail.com
CUST01714,Priya Torres,Wholesale,USA,North America,2025-06-05,customer1714@mail.com
CUST01715,Alliance Systems,Government,South Africa,Africa,2023-06-23,customer1715@mail.com
CUST01716,Jessica Adams,Corporate,Japan,Asia,2023-12-16,customer1716@mail.com
CUST01717,Barbara Lee,Wholesale,Singapore,Asia,2026-09-18,customer1717@mail.com
CUST01718,Priya Adams,Government,Poland,Europe,2024-03-14,customer1718@mail.com
CUST01719,Charles Miller,Retail,India,Asia,2023-03-25,customer1719@mail.com
CUST01720,Anthony Robinson,Wholesale,Egypt,Africa,2023-10-29,customer1720@mail.com
CUST01721,Barbara Walker,Retail,Chile,South America,2023-10-16,customer1721@mail.com
CUST01722,Ana Rodriguez,Corporate,India,Asia,2026-05-04,customer1722@mail.com
CUST01723,Priya Flores,Wholesale,New Zealand,Oceania,2024-04-23,customer1723@mail.com
CUST01724,Sterling Supply Co,Corporate,USA,North America,2026-10-09,customer1724@mail.com
CUST01725,Chris Moore,E-Commerce,Canada,North America,2025-10-14,customer1725@mail.com
CUST01726,Meridian Cargo Group,E-Commerce,South Korea,Asia,2024-03-27,customer1726@mail.com
CUST01727,Horizon Freight,Retail,Canada,North America,2025-07-27,customer1727@mail.com
CUST01728,Joseph Nguyen,Wholesale,Poland,Europe,2026-11-29,customer1728@mail.com
CUST01729,Apex Holdings,E-Commerce,UAE,Middle East,2025-06-04,customer1729@mail.com
CUST01730,Mary Johnson,Corporate,Germany,Europe,2026-07-02,customer1730@mail.com
CUST01731,Nancy White,Government,Mexico,North America,2026-04-20,customer1731@mail.com
CUST01732,Mei Anderson,Government,Mexico,North America,2024-01-12,customer1732@mail.com
CUST01733,Yuki Clark,Wholesale,Italy,Europe,2026-10-27,customer1733@mail.com
CUST01734,Lisa Thompson,Wholesale,Poland,Europe,2024-04-26,customer1734@mail.com
CUST01735,James Williams,Retail,UAE,Middle East,2026-09-28,customer1735@mail.com
CUST01736,Michael King,Corporate,Egypt,Africa,2024-03-25,customer1736@mail.com
CUST01737,Zenith Logistics,Wholesale,Canada,North America,2023-04-17,customer1737@mail.com
CUST01738,Apex Partners,Corporate,Canada,North America,2026-05-25,customer1738@mail.com
CUST01739,Valentina Jackson,Retail,Argentina,South America,2026-11-01,customer1739@mail.com
CUST01740,Alliance Logistics,Government,Mexico,North America,2022-01-31,customer1740@mail.com
CUST01741,Michael Hill,Corporate,Brazil,South America,2026-06-12,customer1741@mail.com
CUST01742,Karen Perez,Government,Italy,Europe,2024-05-20,customer1742@mail.com
CUST01743,Atlas Manufacturing,Retail,Nigeria,Africa,2023-02-20,customer1743@mail.com
CUST01744,Ahmed Young,E-Commerce,Netherlands,Europe,2024-02-11,customer1744@mail.com
CUST01745,Alliance Exports,Corporate,South Korea,Asia,2023-07-25,customer1745@mail.com
CUST01746,Yuki King,Corporate,Poland,Europe,2023-05-16,customer1746@mail.com
CUST01747,Diego Clark,Government,USA,North America,2024-02-03,customer1747@mail.com
CUST01748,Horizon Holdings,Corporate,South Africa,Africa,2022-02-20,customer1748@mail.com
CUST01749,Fusion Manufacturing,Retail,Egypt,Africa,2025-02-27,customer1749@mail.com
CUST01750,Summit Networks,Retail,Argentina,South America,2025-07-14,customer1750@mail.com
CUST01751,Susan Allen,Wholesale,UK,Europe,2025-04-30,customer1751@mail.com
CUST01752,Momentum Partners,Government,Mexico,North America,2024-08-27,customer1752@mail.com
CUST01753,Joseph Brown,Corporate,Nigeria,Africa,2026-04-21,customer1753@mail.com
CUST01754,Valentina Thompson,Wholesale,Netherlands,Europe,2026-09-05,customer1754@mail.com
CUST01755,Catalyst Holdings,Retail,Canada,North America,2024-04-12,customer1755@mail.com
CUST01756,Hana Allen,Corporate,Netherlands,Europe,2025-01-22,customer1756@mail.com
CUST01757,Jessica Perez,Corporate,China,Asia,2024-08-02,customer1757@mail.com
CUST01758,Valentina Garcia,Corporate,Singapore,Asia,2022-08-04,customer1758@mail.com
CUST01759,Summit Networks,Wholesale,South Africa,Africa,2022-01-28,customer1759@mail.com
CUST01760,David Wilson,Retail,Singapore,Asia,2024-06-15,customer1760@mail.com
CUST01761,Priya Hernandez,Government,Canada,North America,2025-07-06,customer1761@mail.com
CUST01762,Pinnacle Cargo Group,Retail,Indonesia,Asia,2024-03-28,customer1762@mail.com
CUST01763,Zenith Systems,E-Commerce,Poland,Europe,2025-10-17,customer1763@mail.com
CUST01764,Fusion Holdings,Wholesale,Singapore,Asia,2025-08-24,customer1764@mail.com
CUST01765,Pioneer Networks,E-Commerce,Germany,Europe,2025-06-11,customer1765@mail.com
CUST01766,Rahul Walker,E-Commerce,Singapore,Asia,2023-03-08,customer1766@mail.com
CUST01767,William Hernandez,Corporate,Nigeria,Africa,2024-12-09,customer1767@mail.com
CUST01768,Vertex Industries,Retail,USA,North America,2024-08-21,customer1768@mail.com
CUST01769,Pioneer Supply Co,Retail,USA,North America,2025-11-22,customer1769@mail.com
CUST01770,Michael Brown,Corporate,UAE,Middle East,2025-07-03,customer1770@mail.com
CUST01771,Fusion Enterprises,Wholesale,Brazil,South America,2025-02-19,customer1771@mail.com
CUST01772,Richard Jackson,Corporate,India,Asia,2023-08-06,customer1772@mail.com
CUST01773,Lisa Green,Corporate,Saudi Arabia,Middle East,2026-04-20,customer1773@mail.com
CUST01774,Olivia Baker,Retail,Netherlands,Europe,2023-02-19,customer1774@mail.com
CUST01775,Pioneer Distribution,E-Commerce,Saudi Arabia,Middle East,2023-01-01,customer1775@mail.com
CUST01776,Sterling Holdings,Corporate,Saudi Arabia,Middle East,2025-08-13,customer1776@mail.com
CUST01777,Fatima Flores,Government,China,Asia,2023-07-22,customer1777@mail.com
CUST01778,Susan Hernandez,Wholesale,Chile,South America,2022-01-06,customer1778@mail.com
CUST01779,Momentum Industries,Wholesale,Italy,Europe,2022-10-21,customer1779@mail.com
CUST01780,Chris Jones,Wholesale,Indonesia,Asia,2022-04-17,customer1780@mail.com
CUST01781,Margaret Baker,E-Commerce,Singapore,Asia,2024-08-24,customer1781@mail.com
CUST01782,Linda Taylor,Corporate,Poland,Europe,2025-02-21,customer1782@mail.com
CUST01783,Ana Young,E-Commerce,Japan,Asia,2023-12-29,customer1783@mail.com
CUST01784,Mei Garcia,Wholesale,New Zealand,Oceania,2025-05-24,customer1784@mail.com
CUST01785,Sarah Campbell,Corporate,France,Europe,2022-10-20,customer1785@mail.com
CUST01786,Lucas Moore,Retail,UAE,Middle East,2025-11-04,customer1786@mail.com
CUST01787,Olivia White,Retail,UAE,Middle East,2022-12-31,customer1787@mail.com
CUST01788,Noah White,Corporate,India,Asia,2026-01-31,customer1788@mail.com
CUST01789,Richard Sanchez,Wholesale,Italy,Europe,2024-02-06,customer1789@mail.com
CUST01790,Richard Robinson,Government,Nigeria,Africa,2024-01-10,customer1790@mail.com
CUST01791,Zenith Freight,E-Commerce,Italy,Europe,2022-07-12,customer1791@mail.com
CUST01792,James Flores,Retail,Netherlands,Europe,2023-07-14,customer1792@mail.com
CUST01793,Crescent Cargo Group,E-Commerce,Argentina,South America,2022-03-31,customer1793@mail.com
CUST01794,Ahmed Johnson,Corporate,Netherlands,Europe,2026-11-03,customer1794@mail.com
CUST01795,Priya Lopez,Government,Brazil,South America,2024-08-27,customer1795@mail.com
CUST01796,Fusion Logistics,Wholesale,Australia,Oceania,2025-06-09,customer1796@mail.com
CUST01797,William Garcia,Retail,South Africa,Africa,2024-05-09,customer1797@mail.com
CUST01798,Ana Brown,Retail,Canada,North America,2023-10-06,customer1798@mail.com
CUST01799,Pioneer Enterprises,Retail,UAE,Middle East,2025-06-11,customer1799@mail.com
CUST01800,Chris Campbell,Government,China,Asia,2022-12-13,customer1800@mail.com
CUST01801,Mei Smith,Corporate,Nigeria,Africa,2025-09-22,customer1801@mail.com
CUST01802,Noah Brown,Wholesale,South Korea,Asia,2022-05-14,customer1802@mail.com
CUST01803,Elizabeth Jackson,Wholesale,New Zealand,Oceania,2022-06-21,customer1803@mail.com
CUST01804,Momentum Supply Co,Government,Vietnam,Asia,2025-11-11,customer1804@mail.com
CUST01805,Global Distribution,Government,South Korea,Asia,2023-07-15,customer1805@mail.com
CUST01806,Meridian Holdings,Retail,India,Asia,2026-09-09,customer1806@mail.com
CUST01807,Jennifer Davis,Wholesale,Saudi Arabia,Middle East,2022-07-05,customer1807@mail.com
CUST01808,Orion Holdings,Retail,Nigeria,Africa,2025-07-07,customer1808@mail.com
CUST01809,Global Supply Co,E-Commerce,Egypt,Africa,2025-07-30,customer1809@mail.com
CUST01810,Horizon Distribution,Wholesale,Vietnam,Asia,2026-09-11,customer1810@mail.com
CUST01811,William Lee,Corporate,Nigeria,Africa,2022-04-20,customer1811@mail.com
CUST01812,Atlas Industries,E-Commerce,South Africa,Africa,2025-03-03,customer1812@mail.com
CUST01813,Pioneer Distribution,Wholesale,South Korea,Asia,2023-02-13,customer1813@mail.com
CUST01814,Meridian Distribution,Corporate,Poland,Europe,2022-07-09,customer1814@mail.com
CUST01815,Daniel Nelson,Corporate,India,Asia,2024-12-07,customer1815@mail.com
CUST01816,David Williams,Government,New Zealand,Oceania,2026-09-06,customer1816@mail.com
CUST01817,Catalyst Supply Co,Corporate,Japan,Asia,2025-12-09,customer1817@mail.com
CUST01818,Emma Martin,E-Commerce,India,Asia,2023-03-01,customer1818@mail.com
CUST01819,Hana Jackson,Government,South Africa,Africa,2022-07-05,customer1819@mail.com
CUST01820,Pioneer Manufacturing,Retail,Egypt,Africa,2023-06-19,customer1820@mail.com
CUST01821,Liam Lopez,Wholesale,UK,Europe,2024-08-31,customer1821@mail.com
CUST01822,Lisa Nguyen,Government,Vietnam,Asia,2024-02-13,customer1822@mail.com
CUST01823,Apex Enterprises,Retail,Canada,North America,2024-01-05,customer1823@mail.com
CUST01824,Nancy Thompson,Retail,France,Europe,2025-08-19,customer1824@mail.com
CUST01825,Karen Hernandez,Government,France,Europe,2024-08-14,customer1825@mail.com
CUST01826,Mark Green,Government,France,Europe,2024-07-23,customer1826@mail.com
CUST01827,Diego Clark,Wholesale,Saudi Arabia,Middle East,2024-08-27,customer1827@mail.com
CUST01828,Carlos Thompson,Corporate,Netherlands,Europe,2024-09-15,customer1828@mail.com
CUST01829,Horizon Networks,Retail,Poland,Europe,2024-11-04,customer1829@mail.com
CUST01830,Sarah Nguyen,Government,South Korea,Asia,2024-03-31,customer1830@mail.com
CUST01831,Vertex Solutions,Government,USA,North America,2023-09-08,customer1831@mail.com
CUST01832,Richard Nguyen,Wholesale,South Africa,Africa,2026-03-20,customer1832@mail.com
CUST01833,Patricia Garcia,Wholesale,Germany,Europe,2023-09-26,customer1833@mail.com
CUST01834,Titan Industries,Retail,Australia,Oceania,2024-08-01,customer1834@mail.com
CUST01835,Vertex Distribution,Retail,Chile,South America,2023-09-22,customer1835@mail.com
CUST01836,Pioneer Cargo Group,Wholesale,France,Europe,2022-07-04,customer1836@mail.com
CUST01837,Lisa Smith,Wholesale,Germany,Europe,2024-09-04,customer1837@mail.com
CUST01838,Pinnacle Enterprises,Wholesale,India,Asia,2024-03-18,customer1838@mail.com
CUST01839,Sandra Campbell,Retail,Indonesia,Asia,2023-05-13,customer1839@mail.com
CUST01840,Summit Cargo Group,E-Commerce,Japan,Asia,2026-05-03,customer1840@mail.com
CUST01841,Diego Lewis,Corporate,Poland,Europe,2025-05-07,customer1841@mail.com
CUST01842,Crescent Enterprises,Government,UAE,Middle East,2026-02-25,customer1842@mail.com
CUST01843,Momentum Industries,Wholesale,USA,North America,2026-04-22,customer1843@mail.com
CUST01844,Sterling Partners,Government,India,Asia,2022-01-04,customer1844@mail.com
CUST01845,Robert Nelson,Wholesale,Brazil,South America,2023-04-17,customer1845@mail.com
CUST01846,Pioneer Distribution,Retail,Indonesia,Asia,2024-06-10,customer1846@mail.com
CUST01847,Vertex Cargo Group,E-Commerce,China,Asia,2022-11-05,customer1847@mail.com
CUST01848,Crescent Logistics,Corporate,Poland,Europe,2023-06-19,customer1848@mail.com
CUST01849,Sterling Partners,Corporate,France,Europe,2022-08-06,customer1849@mail.com
CUST01850,Apex Enterprises,Corporate,Australia,Oceania,2026-11-02,customer1850@mail.com
CUST01851,David Perez,Government,Australia,Oceania,2022-09-21,customer1851@mail.com
CUST01852,Meridian Logistics,Corporate,Singapore,Asia,2024-09-22,customer1852@mail.com
CUST01853,Karen Lewis,Retail,South Korea,Asia,2023-06-14,customer1853@mail.com
CUST01854,Mark King,Corporate,Brazil,South America,2024-02-03,customer1854@mail.com
CUST01855,Pinnacle Freight,Wholesale,South Africa,Africa,2022-08-17,customer1855@mail.com
CUST01856,Matthew Hall,Wholesale,South Korea,Asia,2022-06-13,customer1856@mail.com
CUST01857,Catalyst Distribution,Government,USA,North America,2023-02-09,customer1857@mail.com
CUST01858,Sandra Lewis,Corporate,New Zealand,Oceania,2022-04-10,customer1858@mail.com
CUST01859,Crescent Manufacturing,Retail,Poland,Europe,2024-01-22,customer1859@mail.com
CUST01860,Thomas Lewis,E-Commerce,Brazil,South America,2023-11-23,customer1860@mail.com
CUST01861,Yuki Jackson,E-Commerce,Egypt,Africa,2023-01-02,customer1861@mail.com
CUST01862,Mark Perez,Retail,India,Asia,2023-09-02,customer1862@mail.com
CUST01863,Prime Exports,Corporate,Brazil,South America,2026-02-21,customer1863@mail.com
CUST01864,Pinnacle Traders,Wholesale,Spain,Europe,2022-09-16,customer1864@mail.com
CUST01865,Sarah White,Government,Argentina,South America,2024-07-27,customer1865@mail.com
CUST01866,Diego Wright,Corporate,Spain,Europe,2025-03-11,customer1866@mail.com
CUST01867,Fusion Logistics,Government,Canada,North America,2022-10-28,customer1867@mail.com
CUST01868,Michael Sanchez,Retail,Nigeria,Africa,2024-11-15,customer1868@mail.com
CUST01869,Valentina Lee,Corporate,China,Asia,2024-05-15,customer1869@mail.com
CUST01870,Atlas Systems,Retail,USA,North America,2025-08-30,customer1870@mail.com
CUST01871,Linda Wilson,E-Commerce,New Zealand,Oceania,2025-03-15,customer1871@mail.com
CUST01872,Yuki Taylor,Retail,Poland,Europe,2025-11-22,customer1872@mail.com
CUST01873,Susan Lewis,Wholesale,India,Asia,2023-07-17,customer1873@mail.com
CUST01874,John Flores,Wholesale,Netherlands,Europe,2024-03-27,customer1874@mail.com
CUST01875,Global Cargo Group,Retail,Chile,South America,2023-03-01,customer1875@mail.com
CUST01876,William Jackson,Corporate,Australia,Oceania,2023-07-01,customer1876@mail.com
CUST01877,Liam Perez,Wholesale,Brazil,South America,2022-07-18,customer1877@mail.com
CUST01878,Orion Supply Co,Government,Spain,Europe,2022-05-11,customer1878@mail.com
CUST01879,Carlos Walker,Corporate,Poland,Europe,2025-04-19,customer1879@mail.com
CUST01880,Yuki Sanchez,Government,Argentina,South America,2024-09-01,customer1880@mail.com
CUST01881,Orion Freight,Corporate,USA,North America,2026-08-12,customer1881@mail.com
CUST01882,Valentina Allen,Government,Germany,Europe,2023-03-08,customer1882@mail.com
CUST01883,Titan Distribution,Retail,South Africa,Africa,2024-04-05,customer1883@mail.com
CUST01884,Jennifer Adams,Government,Chile,South America,2024-09-23,customer1884@mail.com
CUST01885,Sterling Freight,E-Commerce,India,Asia,2023-09-15,customer1885@mail.com
CUST01886,Meridian Logistics,Government,Egypt,Africa,2022-11-16,customer1886@mail.com
CUST01887,Fusion Holdings,Corporate,Saudi Arabia,Middle East,2024-06-02,customer1887@mail.com
CUST01888,Zenith Exports,Corporate,Egypt,Africa,2026-03-04,customer1888@mail.com
CUST01889,Pinnacle Industries,Government,Spain,Europe,2024-02-15,customer1889@mail.com
CUST01890,Pioneer Supply Co,Government,UK,Europe,2022-08-15,customer1890@mail.com
CUST01891,Vertex Networks,Corporate,Poland,Europe,2026-05-12,customer1891@mail.com
CUST01892,Susan Ramirez,E-Commerce,UAE,Middle East,2025-05-12,customer1892@mail.com
CUST01893,Liam Miller,E-Commerce,China,Asia,2025-09-22,customer1893@mail.com
CUST01894,Betty Thomas,Corporate,Singapore,Asia,2026-10-26,customer1894@mail.com
CUST01895,Charles Robinson,Wholesale,Indonesia,Asia,2022-11-18,customer1895@mail.com
CUST01896,Pinnacle Partners,Corporate,Japan,Asia,2023-11-16,customer1896@mail.com
CUST01897,Apex Cargo Group,Corporate,Argentina,South America,2025-04-03,customer1897@mail.com
CUST01898,Liam Johnson,Wholesale,South Korea,Asia,2025-06-21,customer1898@mail.com
CUST01899,Wei Garcia,Government,Germany,Europe,2025-05-12,customer1899@mail.com
CUST01900,Mary Perez,Wholesale,Nigeria,Africa,2025-06-02,customer1900@mail.com
CUST01901,Rahul Hall,E-Commerce,France,Europe,2022-07-06,customer1901@mail.com
CUST01902,Olivia Sanchez,Government,USA,North America,2025-02-04,customer1902@mail.com
CUST01903,David Walker,Wholesale,Italy,Europe,2024-01-26,customer1903@mail.com
CUST01904,Ana Wilson,Wholesale,France,Europe,2023-10-23,customer1904@mail.com
CUST01905,Global Supply Co,Corporate,Poland,Europe,2025-03-28,customer1905@mail.com
CUST01906,Momentum Manufacturing,Wholesale,Vietnam,Asia,2023-05-11,customer1906@mail.com
CUST01907,Linda Flores,E-Commerce,Vietnam,Asia,2026-09-12,customer1907@mail.com
CUST01908,Nova Logistics,Retail,France,Europe,2026-03-14,customer1908@mail.com
CUST01909,Mei Young,Corporate,Chile,South America,2026-11-01,customer1909@mail.com
CUST01910,Thomas Campbell,Retail,Mexico,North America,2025-01-05,customer1910@mail.com
CUST01911,Olivia Scott,Retail,South Africa,Africa,2026-01-03,customer1911@mail.com
CUST01912,Diego Brown,Corporate,Vietnam,Asia,2023-08-23,customer1912@mail.com
CUST01913,John Harris,Government,New Zealand,Oceania,2024-03-29,customer1913@mail.com
CUST01914,Margaret Davis,Wholesale,Argentina,South America,2022-08-01,customer1914@mail.com
CUST01915,Fatima Davis,Wholesale,Netherlands,Europe,2026-01-18,customer1915@mail.com
CUST01916,Nancy Martinez,Corporate,India,Asia,2023-05-13,customer1916@mail.com
CUST01917,Orion Enterprises,Retail,Italy,Europe,2025-11-21,customer1917@mail.com
CUST01918,Priya Taylor,E-Commerce,Vietnam,Asia,2026-03-31,customer1918@mail.com
CUST01919,Meridian Freight,Corporate,China,Asia,2026-06-01,customer1919@mail.com
CUST01920,Atlas Holdings,Wholesale,South Africa,Africa,2022-03-15,customer1920@mail.com
CUST01921,Mary Thomas,Government,Germany,Europe,2024-01-30,customer1921@mail.com
CUST01922,Karen Campbell,Government,India,Asia,2022-11-21,customer1922@mail.com
CUST01923,Meridian Enterprises,Wholesale,Argentina,South America,2023-08-27,customer1923@mail.com
CUST01924,William Martinez,E-Commerce,Nigeria,Africa,2025-05-29,customer1924@mail.com
CUST01925,Horizon Logistics,Wholesale,Japan,Asia,2026-10-09,customer1925@mail.com
CUST01926,Catalyst Logistics,E-Commerce,Saudi Arabia,Middle East,2023-06-16,customer1926@mail.com
CUST01927,Mei Clark,Government,Nigeria,Africa,2024-09-03,customer1927@mail.com
CUST01928,Olivia Martinez,Government,France,Europe,2025-04-17,customer1928@mail.com
CUST01929,Matthew Allen,Wholesale,China,Asia,2025-08-20,customer1929@mail.com
CUST01930,Rahul Sanchez,Retail,Singapore,Asia,2022-01-30,customer1930@mail.com
CUST01931,Pioneer Supply Co,E-Commerce,China,Asia,2022-11-04,customer1931@mail.com
CUST01932,Linda Nelson,E-Commerce,Brazil,South America,2023-02-08,customer1932@mail.com
CUST01933,Liam Smith,Government,Indonesia,Asia,2026-09-17,customer1933@mail.com
CUST01934,Lisa Baker,Corporate,Spain,Europe,2022-03-09,customer1934@mail.com
CUST01935,Orion Exports,E-Commerce,Argentina,South America,2022-05-18,customer1935@mail.com
CUST01936,Valentina Scott,Retail,UAE,Middle East,2026-11-23,customer1936@mail.com
CUST01937,Catalyst Exports,Wholesale,Australia,Oceania,2023-05-23,customer1937@mail.com
CUST01938,Barbara Rivera,Wholesale,Netherlands,Europe,2025-08-25,customer1938@mail.com
CUST01939,Sandra Lopez,Government,Spain,Europe,2022-03-24,customer1939@mail.com
CUST01940,Jennifer Wilson,Retail,Netherlands,Europe,2026-02-10,customer1940@mail.com
CUST01941,Patricia Anderson,Wholesale,Germany,Europe,2023-04-12,customer1941@mail.com
CUST01942,Rahul Walker,Government,Saudi Arabia,Middle East,2022-07-21,customer1942@mail.com
CUST01943,Nova Supply Co,Retail,Australia,Oceania,2024-09-06,customer1943@mail.com
CUST01944,Pioneer Traders,Government,Vietnam,Asia,2025-01-15,customer1944@mail.com
CUST01945,Karen Nguyen,Government,Italy,Europe,2022-01-20,customer1945@mail.com
CUST01946,Linda Robinson,Wholesale,South Korea,Asia,2026-05-12,customer1946@mail.com
CUST01947,Sofia Walker,E-Commerce,Saudi Arabia,Middle East,2022-01-02,customer1947@mail.com
CUST01948,Sarah Allen,Wholesale,Egypt,Africa,2025-07-16,customer1948@mail.com
CUST01949,Wei Martin,E-Commerce,China,Asia,2025-08-14,customer1949@mail.com
CUST01950,Jessica Thompson,Government,Netherlands,Europe,2023-07-18,customer1950@mail.com
CUST01951,Meridian Traders,Wholesale,Singapore,Asia,2026-03-30,customer1951@mail.com
CUST01952,Sterling Manufacturing,Wholesale,Indonesia,Asia,2024-10-12,customer1952@mail.com
CUST01953,Alliance Enterprises,Retail,France,Europe,2023-09-16,customer1953@mail.com
CUST01954,Pinnacle Partners,Wholesale,Vietnam,Asia,2023-01-10,customer1954@mail.com
CUST01955,Horizon Supply Co,Government,Egypt,Africa,2023-09-22,customer1955@mail.com
CUST01956,Sterling Manufacturing,E-Commerce,Poland,Europe,2022-07-30,customer1956@mail.com
CUST01957,Summit Freight,Wholesale,Brazil,South America,2022-11-17,customer1957@mail.com
CUST01958,Vertex Partners,Government,Egypt,Africa,2022-11-20,customer1958@mail.com
CUST01959,Sterling Manufacturing,Government,Chile,South America,2025-08-31,customer1959@mail.com
CUST01960,Diego Jackson,E-Commerce,Australia,Oceania,2023-04-14,customer1960@mail.com
CUST01961,Karen Harris,E-Commerce,Indonesia,Asia,2022-10-24,customer1961@mail.com
CUST01962,Valentina Perez,E-Commerce,China,Asia,2024-07-10,customer1962@mail.com
CUST01963,Anthony Smith,Corporate,South Korea,Asia,2026-04-11,customer1963@mail.com
CUST01964,Daniel Nelson,Wholesale,Canada,North America,2026-07-08,customer1964@mail.com
CUST01965,Mary Campbell,Wholesale,Vietnam,Asia,2023-02-19,customer1965@mail.com
CUST01966,Charles Harris,E-Commerce,Chile,South America,2022-02-18,customer1966@mail.com
CUST01967,Chris Torres,Wholesale,South Korea,Asia,2025-02-20,customer1967@mail.com
CUST01968,Sterling Manufacturing,E-Commerce,Australia,Oceania,2026-10-20,customer1968@mail.com
CUST01969,Vertex Freight,Corporate,UK,Europe,2026-01-20,customer1969@mail.com
CUST01970,John Baker,Corporate,Nigeria,Africa,2024-03-09,customer1970@mail.com
CUST01971,Momentum Holdings,Retail,Spain,Europe,2024-02-08,customer1971@mail.com
CUST01972,Orion Distribution,E-Commerce,UK,Europe,2025-01-06,customer1972@mail.com
CUST01973,Linda Young,Retail,Vietnam,Asia,2022-10-03,customer1973@mail.com
CUST01974,Diego Ramirez,Wholesale,China,Asia,2026-08-16,customer1974@mail.com
CUST01975,Ahmed Wilson,Retail,Germany,Europe,2025-02-24,customer1975@mail.com
CUST01976,Catalyst Exports,E-Commerce,Vietnam,Asia,2026-04-12,customer1976@mail.com
CUST01977,Charles Rivera,Wholesale,UAE,Middle East,2022-02-14,customer1977@mail.com
CUST01978,Lucas Campbell,E-Commerce,Egypt,Africa,2026-02-22,customer1978@mail.com
CUST01979,Mark Anderson,E-Commerce,India,Asia,2023-01-13,customer1979@mail.com
CUST01980,Fusion Freight,E-Commerce,Vietnam,Asia,2023-02-12,customer1980@mail.com
CUST01981,Mary Rodriguez,Corporate,Netherlands,Europe,2022-09-02,customer1981@mail.com
CUST01982,Crescent Networks,Government,South Korea,Asia,2022-04-09,customer1982@mail.com
CUST01983,Wei Harris,Government,Canada,North America,2022-02-03,customer1983@mail.com
CUST01984,Wei Perez,Government,South Korea,Asia,2026-06-07,customer1984@mail.com
CUST01985,Orion Enterprises,Retail,Indonesia,Asia,2022-05-18,customer1985@mail.com
CUST01986,Pinnacle Networks,Government,Saudi Arabia,Middle East,2022-08-19,customer1986@mail.com
CUST01987,Jennifer Nguyen,Government,France,Europe,2024-08-17,customer1987@mail.com
CUST01988,Robert Hall,E-Commerce,Argentina,South America,2024-06-01,customer1988@mail.com
CUST01989,Valentina Martinez,E-Commerce,Vietnam,Asia,2025-08-25,customer1989@mail.com
CUST01990,Catalyst Freight,Government,Mexico,North America,2024-07-18,customer1990@mail.com
CUST01991,Margaret Johnson,Government,Egypt,Africa,2024-04-02,customer1991@mail.com
CUST01992,Titan Logistics,Wholesale,Poland,Europe,2022-01-18,customer1992@mail.com
CUST01993,Thomas Thomas,E-Commerce,China,Asia,2025-04-11,customer1993@mail.com
CUST01994,Noah Wilson,Government,UAE,Middle East,2026-04-26,customer1994@mail.com
CUST01995,Ana Nguyen,Wholesale,India,Asia,2022-11-09,customer1995@mail.com
CUST01996,Zenith Industries,Retail,Egypt,Africa,2022-07-26,customer1996@mail.com
CUST01997,John Rodriguez,E-Commerce,UAE,Middle East,2025-01-11,customer1997@mail.com
CUST01998,Orion Solutions,Wholesale,Mexico,North America,2023-04-17,customer1998@mail.com
CUST01999,Alliance Distribution,Wholesale,Italy,Europe,2023-04-23,customer1999@mail.com
CUST02000,Summit Solutions,Retail,Egypt,Africa,2024-06-19,customer2000@mail.com
