InventoryID,ProductID,WarehouseID,StockOnHand,ReorderLevel,StockStatus,LastRestockDate
INV000001,PRD00001,WH001,354,52,In Stock,2023-07-05
INV000002,PRD00001,WH006,493,52,In Stock,2023-12-04
INV000003,PRD00002,WH005,820,120,In Stock,2024-11-25
INV000004,PRD00002,WH001,1208,120,In Stock,2023-08-03
INV000005,PRD00002,WH004,727,120,In Stock,2023-01-09
INV000006,PRD00002,WH010,909,120,In Stock,2023-12-14
INV000007,PRD00002,WH012,1276,120,In Stock,2022-12-27
INV000008,PRD00003,WH007,827,184,In Stock,2025-09-12
INV000009,PRD00003,WH008,360,184,In Stock,2023-08-04
INV000010,PRD00003,WH003,27,184,Low Stock,2026-02-04
INV000011,PRD00003,WH002,31,184,Low Stock,2024-04-07
INV000012,PRD00003,WH005,1023,184,In Stock,2025-11-20
INV000013,PRD00004,WH002,1067,32,In Stock,2024-03-24
INV000014,PRD00004,WH012,607,32,In Stock,2026-10-25
INV000015,PRD00005,WH011,922,103,In Stock,2023-03-19
INV000016,PRD00005,WH008,610,103,In Stock,2022-02-15
INV000017,PRD00005,WH004,1006,103,In Stock,2022-04-05
INV000018,PRD00005,WH001,34,103,Low Stock,2024-05-21
INV000019,PRD00006,WH003,1251,127,In Stock,2022-11-05
INV000020,PRD00006,WH008,504,127,In Stock,2025-09-29
INV000021,PRD00006,WH006,553,127,In Stock,2026-02-01
INV000022,PRD00007,WH009,1159,158,In Stock,2023-09-06
INV000023,PRD00007,WH012,1401,158,In Stock,2022-05-21
INV000024,PRD00007,WH004,352,158,In Stock,2025-10-23
INV000025,PRD00007,WH003,1374,158,In Stock,2024-01-04
INV000026,PRD00007,WH007,517,158,In Stock,2022-12-15
INV000027,PRD00008,WH003,926,186,In Stock,2025-02-01
INV000028,PRD00008,WH006,1275,186,In Stock,2025-03-05
INV000029,PRD00009,WH001,145,27,In Stock,2023-05-05
INV000030,PRD00009,WH003,881,27,In Stock,2026-04-23
INV000031,PRD00009,WH004,1211,27,In Stock,2025-03-12
INV000032,PRD00010,WH012,1480,179,In Stock,2025-08-10
INV000033,PRD00010,WH003,377,179,In Stock,2024-11-16
INV000034,PRD00010,WH004,177,179,Low Stock,2026-07-11
INV000035,PRD00010,WH011,327,179,In Stock,2023-05-19
INV000036,PRD00010,WH006,1101,179,In Stock,2022-11-02
INV000037,PRD00011,WH009,935,49,In Stock,2025-10-16
INV000038,PRD00011,WH012,376,49,In Stock,2026-04-29
INV000039,PRD00011,WH011,757,49,In Stock,2022-10-16
INV000040,PRD00011,WH001,126,49,In Stock,2025-06-21
INV000041,PRD00011,WH005,267,49,In Stock,2024-05-30
INV000042,PRD00012,WH006,1253,85,In Stock,2023-08-28
INV000043,PRD00012,WH005,968,85,In Stock,2025-12-20
INV000044,PRD00012,WH003,1034,85,In Stock,2024-02-23
INV000045,PRD00012,WH001,437,85,In Stock,2026-03-23
INV000046,PRD00012,WH004,903,85,In Stock,2026-10-04
INV000047,PRD00013,WH003,703,49,In Stock,2022-05-28
INV000048,PRD00013,WH005,918,49,In Stock,2023-10-22
INV000049,PRD00013,WH012,1486,49,In Stock,2022-09-22
INV000050,PRD00014,WH005,862,47,In Stock,2026-12-06
INV000051,PRD00014,WH006,448,47,In Stock,2026-04-18
INV000052,PRD00015,WH005,1380,193,In Stock,2023-08-09
INV000053,PRD00015,WH001,1145,193,In Stock,2025-05-30
INV000054,PRD00015,WH008,1389,193,In Stock,2025-09-08
INV000055,PRD00015,WH009,432,193,In Stock,2026-08-01
INV000056,PRD00016,WH004,334,70,In Stock,2022-01-04
INV000057,PRD00016,WH005,873,70,In Stock,2022-04-18
INV000058,PRD00016,WH001,1420,70,In Stock,2026-10-09
INV000059,PRD00016,WH003,1337,70,In Stock,2025-10-22
INV000060,PRD00016,WH012,7,70,Low Stock,2023-03-11
INV000061,PRD00017,WH011,1397,82,In Stock,2024-11-28
INV000062,PRD00017,WH007,1302,82,In Stock,2025-12-24
INV000063,PRD00017,WH004,545,82,In Stock,2023-10-19
INV000064,PRD00017,WH008,1179,82,In Stock,2026-07-14
INV000065,PRD00017,WH012,1178,82,In Stock,2025-01-15
INV000066,PRD00018,WH007,614,195,In Stock,2023-12-11
INV000067,PRD00018,WH009,60,195,Low Stock,2022-06-15
INV000068,PRD00018,WH004,257,195,In Stock,2022-02-06
INV000069,PRD00018,WH010,1163,195,In Stock,2026-08-11
INV000070,PRD00019,WH002,936,30,In Stock,2024-03-24
INV000071,PRD00019,WH010,1357,30,In Stock,2023-10-09
INV000072,PRD00019,WH001,1348,30,In Stock,2024-04-26
INV000073,PRD00020,WH011,1083,37,In Stock,2024-04-02
INV000074,PRD00020,WH005,1300,37,In Stock,2026-09-15
INV000075,PRD00020,WH004,952,37,In Stock,2025-03-10
INV000076,PRD00021,WH012,415,127,In Stock,2026-10-22
INV000077,PRD00021,WH003,1468,127,In Stock,2024-02-06
INV000078,PRD00021,WH010,325,127,In Stock,2024-06-24
INV000079,PRD00021,WH001,950,127,In Stock,2026-08-10
INV000080,PRD00021,WH009,1164,127,In Stock,2025-10-05
INV000081,PRD00022,WH002,188,182,In Stock,2024-06-07
INV000082,PRD00022,WH007,790,182,In Stock,2022-10-17
INV000083,PRD00022,WH003,1456,182,In Stock,2026-12-30
INV000084,PRD00022,WH005,298,182,In Stock,2022-07-18
INV000085,PRD00022,WH012,1139,182,In Stock,2026-05-07
INV000086,PRD00023,WH007,391,131,In Stock,2024-08-20
INV000087,PRD00023,WH011,234,131,In Stock,2022-12-04
INV000088,PRD00023,WH002,679,131,In Stock,2024-06-04
INV000089,PRD00023,WH008,1117,131,In Stock,2026-05-03
INV000090,PRD00023,WH001,1458,131,In Stock,2025-07-07
INV000091,PRD00024,WH012,1431,89,In Stock,2024-08-08
INV000092,PRD00024,WH010,718,89,In Stock,2025-01-24
INV000093,PRD00024,WH008,1056,89,In Stock,2023-12-05
INV000094,PRD00024,WH009,911,89,In Stock,2023-01-26
INV000095,PRD00025,WH005,1188,143,In Stock,2026-09-27
INV000096,PRD00025,WH002,881,143,In Stock,2025-12-31
INV000097,PRD00025,WH004,436,143,In Stock,2022-06-22
INV000098,PRD00026,WH008,360,88,In Stock,2026-03-16
INV000099,PRD00026,WH004,921,88,In Stock,2026-10-29
INV000100,PRD00026,WH012,759,88,In Stock,2023-01-02
INV000101,PRD00026,WH011,530,88,In Stock,2026-06-12
INV000102,PRD00026,WH002,328,88,In Stock,2026-10-12
INV000103,PRD00027,WH005,1072,42,In Stock,2025-07-06
INV000104,PRD00027,WH008,1320,42,In Stock,2023-08-19
INV000105,PRD00027,WH011,1188,42,In Stock,2026-02-01
INV000106,PRD00027,WH006,303,42,In Stock,2023-11-25
INV000107,PRD00027,WH010,207,42,In Stock,2023-10-07
INV000108,PRD00028,WH011,1469,138,In Stock,2026-12-09
INV000109,PRD00028,WH008,624,138,In Stock,2023-10-06
INV000110,PRD00029,WH002,1408,27,In Stock,2022-10-25
INV000111,PRD00029,WH001,956,27,In Stock,2025-08-16
INV000112,PRD00029,WH008,1416,27,In Stock,2023-09-26
INV000113,PRD00029,WH009,1046,27,In Stock,2024-02-09
INV000114,PRD00029,WH010,634,27,In Stock,2024-08-03
INV000115,PRD00030,WH009,257,74,In Stock,2022-05-15
INV000116,PRD00030,WH005,1338,74,In Stock,2026-03-13
INV000117,PRD00031,WH005,672,172,In Stock,2024-08-15
INV000118,PRD00031,WH002,988,172,In Stock,2022-01-19
INV000119,PRD00031,WH012,559,172,In Stock,2023-07-09
INV000120,PRD00031,WH011,810,172,In Stock,2026-08-28
INV000121,PRD00032,WH009,1153,152,In Stock,2022-12-20
INV000122,PRD00032,WH001,837,152,In Stock,2026-12-09
INV000123,PRD00033,WH002,323,124,In Stock,2026-05-27
INV000124,PRD00033,WH004,1412,124,In Stock,2024-11-13
INV000125,PRD00033,WH010,545,124,In Stock,2023-03-21
INV000126,PRD00033,WH008,1315,124,In Stock,2022-11-30
INV000127,PRD00033,WH001,369,124,In Stock,2025-07-26
INV000128,PRD00034,WH002,993,141,In Stock,2022-08-24
INV000129,PRD00034,WH004,757,141,In Stock,2023-11-10
INV000130,PRD00035,WH001,151,24,In Stock,2026-07-09
INV000131,PRD00035,WH006,972,24,In Stock,2023-09-22
INV000132,PRD00035,WH009,561,24,In Stock,2022-11-29
INV000133,PRD00035,WH010,691,24,In Stock,2023-09-09
INV000134,PRD00036,WH010,1106,82,In Stock,2025-02-01
INV000135,PRD00036,WH003,688,82,In Stock,2025-06-24
INV000136,PRD00036,WH011,385,82,In Stock,2025-01-13
INV000137,PRD00036,WH005,1497,82,In Stock,2024-11-27
INV000138,PRD00037,WH007,19,161,Low Stock,2026-11-06
INV000139,PRD00037,WH011,550,161,In Stock,2026-06-16
INV000140,PRD00038,WH011,139,160,Low Stock,2025-01-30
INV000141,PRD00038,WH004,1241,160,In Stock,2026-08-27
INV000142,PRD00038,WH002,309,160,In Stock,2024-11-16
INV000143,PRD00038,WH010,1063,160,In Stock,2024-04-11
INV000144,PRD00038,WH009,765,160,In Stock,2026-12-19
INV000145,PRD00039,WH002,1479,98,In Stock,2025-09-06
INV000146,PRD00039,WH012,1166,98,In Stock,2025-02-13
INV000147,PRD00039,WH001,671,98,In Stock,2022-02-05
INV000148,PRD00039,WH011,216,98,In Stock,2023-05-02
INV000149,PRD00039,WH003,288,98,In Stock,2025-12-22
INV000150,PRD00040,WH010,1158,100,In Stock,2026-08-12
INV000151,PRD00040,WH008,1193,100,In Stock,2025-11-08
INV000152,PRD00040,WH011,580,100,In Stock,2022-12-03
INV000153,PRD00040,WH001,682,100,In Stock,2023-06-05
INV000154,PRD00040,WH002,1277,100,In Stock,2024-10-14
INV000155,PRD00041,WH005,694,196,In Stock,2025-05-08
INV000156,PRD00041,WH001,1157,196,In Stock,2023-11-12
INV000157,PRD00041,WH006,1393,196,In Stock,2025-01-04
INV000158,PRD00042,WH012,703,90,In Stock,2024-12-09
INV000159,PRD00042,WH005,569,90,In Stock,2026-08-27
INV000160,PRD00042,WH002,274,90,In Stock,2022-07-22
INV000161,PRD00043,WH001,120,172,Low Stock,2025-03-26
INV000162,PRD00043,WH010,1424,172,In Stock,2022-01-10
INV000163,PRD00044,WH006,948,95,In Stock,2022-08-07
INV000164,PRD00044,WH005,928,95,In Stock,2023-11-10
INV000165,PRD00044,WH004,221,95,In Stock,2026-08-12
INV000166,PRD00044,WH009,1410,95,In Stock,2023-11-12
INV000167,PRD00045,WH002,1344,156,In Stock,2026-07-09
INV000168,PRD00045,WH003,350,156,In Stock,2025-07-23
INV000169,PRD00046,WH002,381,161,In Stock,2025-07-28
INV000170,PRD00046,WH003,1105,161,In Stock,2022-01-20
INV000171,PRD00046,WH008,1385,161,In Stock,2026-08-16
INV000172,PRD00046,WH005,185,161,In Stock,2026-09-12
INV000173,PRD00047,WH012,1436,145,In Stock,2024-09-14
INV000174,PRD00047,WH010,728,145,In Stock,2025-12-12
INV000175,PRD00047,WH003,729,145,In Stock,2022-07-11
INV000176,PRD00047,WH001,865,145,In Stock,2024-06-10
INV000177,PRD00047,WH009,677,145,In Stock,2025-11-24
INV000178,PRD00048,WH004,401,140,In Stock,2026-05-30
INV000179,PRD00048,WH009,638,140,In Stock,2026-12-19
INV000180,PRD00048,WH010,523,140,In Stock,2022-02-11
INV000181,PRD00049,WH011,1200,84,In Stock,2023-12-10
INV000182,PRD00049,WH007,976,84,In Stock,2023-09-15
INV000183,PRD00049,WH003,439,84,In Stock,2024-10-17
INV000184,PRD00050,WH007,659,36,In Stock,2022-08-22
INV000185,PRD00050,WH012,51,36,In Stock,2024-11-24
INV000186,PRD00050,WH010,732,36,In Stock,2025-11-07
INV000187,PRD00050,WH008,1290,36,In Stock,2023-09-27
INV000188,PRD00051,WH006,555,195,In Stock,2025-04-05
INV000189,PRD00051,WH012,616,195,In Stock,2026-02-02
INV000190,PRD00051,WH008,804,195,In Stock,2026-07-16
INV000191,PRD00051,WH004,506,195,In Stock,2025-07-29
INV000192,PRD00052,WH002,473,97,In Stock,2022-07-10
INV000193,PRD00052,WH008,647,97,In Stock,2022-02-06
INV000194,PRD00052,WH010,490,97,In Stock,2023-03-20
INV000195,PRD00052,WH007,1214,97,In Stock,2026-02-28
INV000196,PRD00053,WH009,1255,126,In Stock,2022-01-14
INV000197,PRD00053,WH006,273,126,In Stock,2025-12-24
INV000198,PRD00054,WH008,241,153,In Stock,2022-06-15
INV000199,PRD00054,WH006,339,153,In Stock,2026-05-02
INV000200,PRD00054,WH011,970,153,In Stock,2024-07-23
INV000201,PRD00054,WH003,1047,153,In Stock,2026-01-27
INV000202,PRD00054,WH005,144,153,Low Stock,2026-08-27
INV000203,PRD00055,WH010,621,170,In Stock,2024-07-07
INV000204,PRD00055,WH002,120,170,Low Stock,2024-04-07
INV000205,PRD00055,WH008,587,170,In Stock,2023-05-08
INV000206,PRD00055,WH012,1408,170,In Stock,2023-08-10
INV000207,PRD00055,WH011,111,170,Low Stock,2022-06-01
INV000208,PRD00056,WH001,545,35,In Stock,2022-11-13
INV000209,PRD00056,WH004,43,35,In Stock,2022-09-05
INV000210,PRD00056,WH010,821,35,In Stock,2025-05-25
INV000211,PRD00057,WH007,176,73,In Stock,2026-12-26
INV000212,PRD00057,WH004,1414,73,In Stock,2025-03-21
INV000213,PRD00058,WH003,285,60,In Stock,2024-07-15
INV000214,PRD00058,WH011,764,60,In Stock,2024-10-12
INV000215,PRD00058,WH001,1281,60,In Stock,2026-02-20
INV000216,PRD00058,WH007,433,60,In Stock,2024-07-29
INV000217,PRD00058,WH012,1318,60,In Stock,2024-10-14
INV000218,PRD00059,WH003,1173,20,In Stock,2024-09-07
INV000219,PRD00059,WH011,1170,20,In Stock,2023-09-17
INV000220,PRD00060,WH012,1438,94,In Stock,2026-12-08
INV000221,PRD00060,WH008,478,94,In Stock,2022-06-04
INV000222,PRD00060,WH004,22,94,Low Stock,2022-06-25
INV000223,PRD00061,WH011,414,199,In Stock,2026-05-14
INV000224,PRD00061,WH012,1374,199,In Stock,2025-07-31
INV000225,PRD00061,WH009,1258,199,In Stock,2026-01-14
INV000226,PRD00061,WH004,128,199,Low Stock,2022-01-29
INV000227,PRD00062,WH005,657,87,In Stock,2023-12-03
INV000228,PRD00062,WH001,883,87,In Stock,2022-02-25
INV000229,PRD00062,WH011,980,87,In Stock,2025-10-02
INV000230,PRD00063,WH008,146,70,In Stock,2022-07-13
INV000231,PRD00063,WH010,555,70,In Stock,2022-02-19
INV000232,PRD00063,WH002,1397,70,In Stock,2023-02-23
INV000233,PRD00063,WH004,833,70,In Stock,2022-03-09
INV000234,PRD00064,WH005,510,58,In Stock,2022-11-09
INV000235,PRD00064,WH007,49,58,Low Stock,2024-12-01
INV000236,PRD00065,WH008,296,35,In Stock,2023-11-14
INV000237,PRD00065,WH009,45,35,In Stock,2026-11-07
INV000238,PRD00066,WH009,1323,165,In Stock,2022-04-20
INV000239,PRD00066,WH003,893,165,In Stock,2022-06-09
INV000240,PRD00066,WH002,668,165,In Stock,2024-02-06
INV000241,PRD00066,WH008,871,165,In Stock,2026-07-20
INV000242,PRD00067,WH006,1276,196,In Stock,2023-01-21
INV000243,PRD00067,WH004,55,196,Low Stock,2026-10-20
INV000244,PRD00068,WH003,989,148,In Stock,2024-07-05
INV000245,PRD00068,WH010,256,148,In Stock,2023-11-08
INV000246,PRD00068,WH006,944,148,In Stock,2025-01-23
INV000247,PRD00068,WH001,949,148,In Stock,2025-12-25
INV000248,PRD00068,WH012,694,148,In Stock,2024-06-07
INV000249,PRD00069,WH011,1050,30,In Stock,2025-10-26
INV000250,PRD00069,WH003,762,30,In Stock,2025-08-29
INV000251,PRD00070,WH008,1196,84,In Stock,2024-11-21
INV000252,PRD00070,WH007,1268,84,In Stock,2024-01-30
INV000253,PRD00070,WH011,1197,84,In Stock,2022-07-05
INV000254,PRD00071,WH011,330,167,In Stock,2026-02-15
INV000255,PRD00071,WH008,911,167,In Stock,2022-08-11
INV000256,PRD00071,WH001,243,167,In Stock,2025-07-03
INV000257,PRD00071,WH004,117,167,Low Stock,2024-11-15
INV000258,PRD00072,WH010,206,192,In Stock,2022-11-14
INV000259,PRD00072,WH011,1417,192,In Stock,2025-05-27
INV000260,PRD00072,WH005,780,192,In Stock,2024-07-01
INV000261,PRD00073,WH002,364,64,In Stock,2022-08-30
INV000262,PRD00073,WH007,123,64,In Stock,2026-02-14
INV000263,PRD00073,WH001,243,64,In Stock,2025-05-10
INV000264,PRD00073,WH010,553,64,In Stock,2026-12-13
INV000265,PRD00074,WH005,424,91,In Stock,2025-09-17
INV000266,PRD00074,WH009,904,91,In Stock,2025-08-10
INV000267,PRD00074,WH002,169,91,In Stock,2025-06-15
INV000268,PRD00074,WH006,395,91,In Stock,2022-05-12
INV000269,PRD00075,WH001,1173,145,In Stock,2024-01-04
INV000270,PRD00075,WH003,24,145,Low Stock,2025-08-09
INV000271,PRD00076,WH005,1356,105,In Stock,2026-11-15
INV000272,PRD00076,WH012,740,105,In Stock,2024-05-09
INV000273,PRD00076,WH003,1398,105,In Stock,2024-05-07
INV000274,PRD00077,WH004,537,104,In Stock,2023-01-10
INV000275,PRD00077,WH009,1267,104,In Stock,2023-08-08
INV000276,PRD00077,WH001,870,104,In Stock,2023-07-11
INV000277,PRD00077,WH005,1185,104,In Stock,2022-08-27
INV000278,PRD00078,WH001,1298,122,In Stock,2024-08-26
INV000279,PRD00078,WH006,123,122,In Stock,2023-08-13
INV000280,PRD00078,WH007,490,122,In Stock,2024-06-07
INV000281,PRD00079,WH005,1224,42,In Stock,2023-04-11
INV000282,PRD00079,WH011,1365,42,In Stock,2023-04-03
INV000283,PRD00079,WH002,1037,42,In Stock,2022-04-30
INV000284,PRD00079,WH012,1406,42,In Stock,2025-03-15
INV000285,PRD00079,WH007,992,42,In Stock,2022-05-16
INV000286,PRD00080,WH011,591,123,In Stock,2023-07-27
INV000287,PRD00080,WH005,107,123,Low Stock,2025-03-09
INV000288,PRD00080,WH006,1102,123,In Stock,2024-04-14
INV000289,PRD00081,WH010,495,188,In Stock,2025-04-29
INV000290,PRD00081,WH011,516,188,In Stock,2022-06-14
INV000291,PRD00081,WH002,1031,188,In Stock,2026-01-24
INV000292,PRD00081,WH001,650,188,In Stock,2025-05-31
INV000293,PRD00082,WH006,13,68,Low Stock,2022-04-30
INV000294,PRD00082,WH005,1491,68,In Stock,2024-05-22
INV000295,PRD00082,WH002,1184,68,In Stock,2024-12-14
INV000296,PRD00083,WH011,1247,180,In Stock,2024-08-06
INV000297,PRD00083,WH009,305,180,In Stock,2025-03-24
INV000298,PRD00083,WH004,111,180,Low Stock,2025-12-02
INV000299,PRD00083,WH008,822,180,In Stock,2023-09-09
INV000300,PRD00084,WH010,1451,160,In Stock,2023-01-16
INV000301,PRD00084,WH003,719,160,In Stock,2023-05-08
INV000302,PRD00084,WH004,674,160,In Stock,2024-05-29
INV000303,PRD00085,WH004,813,198,In Stock,2022-07-16
INV000304,PRD00085,WH006,905,198,In Stock,2025-02-08
INV000305,PRD00085,WH002,124,198,Low Stock,2026-05-11
INV000306,PRD00085,WH012,399,198,In Stock,2024-03-15
INV000307,PRD00086,WH002,1051,175,In Stock,2026-05-11
INV000308,PRD00086,WH001,1407,175,In Stock,2026-11-01
INV000309,PRD00086,WH008,246,175,In Stock,2023-11-08
INV000310,PRD00087,WH005,216,161,In Stock,2025-10-12
INV000311,PRD00087,WH007,712,161,In Stock,2023-05-19
INV000312,PRD00088,WH007,1478,49,In Stock,2025-12-31
INV000313,PRD00088,WH008,1133,49,In Stock,2023-02-22
INV000314,PRD00088,WH004,1343,49,In Stock,2023-07-13
INV000315,PRD00088,WH009,436,49,In Stock,2023-12-29
INV000316,PRD00088,WH005,1114,49,In Stock,2024-07-31
INV000317,PRD00089,WH002,556,59,In Stock,2024-08-11
INV000318,PRD00089,WH008,446,59,In Stock,2023-10-14
INV000319,PRD00089,WH010,1277,59,In Stock,2023-05-09
INV000320,PRD00090,WH004,784,200,In Stock,2025-12-21
INV000321,PRD00090,WH011,1426,200,In Stock,2023-08-01
INV000322,PRD00090,WH008,1276,200,In Stock,2026-06-02
INV000323,PRD00091,WH005,1477,82,In Stock,2023-03-03
INV000324,PRD00091,WH009,1325,82,In Stock,2022-12-05
INV000325,PRD00091,WH003,1339,82,In Stock,2023-11-22
INV000326,PRD00091,WH011,1315,82,In Stock,2024-06-30
INV000327,PRD00091,WH001,769,82,In Stock,2025-01-02
INV000328,PRD00092,WH009,19,173,Low Stock,2023-05-03
INV000329,PRD00092,WH008,28,173,Low Stock,2026-09-05
INV000330,PRD00092,WH007,1177,173,In Stock,2023-01-03
INV000331,PRD00092,WH011,1285,173,In Stock,2022-10-22
INV000332,PRD00092,WH006,586,173,In Stock,2026-08-20
INV000333,PRD00093,WH010,1024,37,In Stock,2026-02-27
INV000334,PRD00093,WH002,735,37,In Stock,2022-03-12
INV000335,PRD00093,WH006,1109,37,In Stock,2023-05-21
INV000336,PRD00094,WH012,1415,107,In Stock,2022-03-27
INV000337,PRD00094,WH007,1425,107,In Stock,2023-09-14
INV000338,PRD00094,WH003,175,107,In Stock,2024-08-03
INV000339,PRD00094,WH010,1203,107,In Stock,2025-03-18
INV000340,PRD00095,WH005,203,20,In Stock,2023-11-03
INV000341,PRD00095,WH012,734,20,In Stock,2022-04-28
INV000342,PRD00095,WH009,394,20,In Stock,2025-04-23
INV000343,PRD00095,WH003,990,20,In Stock,2026-03-21
INV000344,PRD00095,WH006,1018,20,In Stock,2025-06-13
INV000345,PRD00096,WH012,841,168,In Stock,2025-07-24
INV000346,PRD00096,WH007,1089,168,In Stock,2022-06-26
INV000347,PRD00096,WH010,138,168,Low Stock,2026-01-20
INV000348,PRD00097,WH003,223,134,In Stock,2024-06-01
INV000349,PRD00097,WH001,6,134,Low Stock,2024-12-24
INV000350,PRD00098,WH004,477,159,In Stock,2024-03-24
INV000351,PRD00098,WH002,1003,159,In Stock,2026-07-27
INV000352,PRD00099,WH003,1373,68,In Stock,2025-08-24
INV000353,PRD00099,WH007,736,68,In Stock,2022-06-02
INV000354,PRD00100,WH002,17,79,Low Stock,2024-06-17
INV000355,PRD00100,WH007,983,79,In Stock,2024-01-07
INV000356,PRD00100,WH001,244,79,In Stock,2024-11-01
INV000357,PRD00100,WH003,548,79,In Stock,2025-08-03
INV000358,PRD00100,WH010,828,79,In Stock,2024-01-09
INV000359,PRD00101,WH003,1381,141,In Stock,2026-06-28
INV000360,PRD00101,WH004,68,141,Low Stock,2023-05-27
INV000361,PRD00101,WH007,339,141,In Stock,2025-10-11
INV000362,PRD00102,WH003,997,189,In Stock,2024-11-12
INV000363,PRD00102,WH010,1483,189,In Stock,2026-08-10
INV000364,PRD00102,WH008,426,189,In Stock,2025-05-19
INV000365,PRD00102,WH009,285,189,In Stock,2026-06-27
INV000366,PRD00102,WH006,62,189,Low Stock,2023-02-12
INV000367,PRD00103,WH004,1304,146,In Stock,2022-09-12
INV000368,PRD00103,WH006,518,146,In Stock,2022-11-17
INV000369,PRD00103,WH009,514,146,In Stock,2025-07-28
INV000370,PRD00103,WH002,1050,146,In Stock,2023-11-07
INV000371,PRD00104,WH002,950,104,In Stock,2025-11-13
INV000372,PRD00104,WH006,1074,104,In Stock,2024-11-18
INV000373,PRD00104,WH004,845,104,In Stock,2024-11-10
INV000374,PRD00104,WH012,634,104,In Stock,2025-03-28
INV000375,PRD00104,WH011,152,104,In Stock,2023-01-20
INV000376,PRD00105,WH001,578,45,In Stock,2023-02-21
INV000377,PRD00105,WH007,1116,45,In Stock,2025-08-19
INV000378,PRD00105,WH004,933,45,In Stock,2023-07-08
INV000379,PRD00106,WH002,597,56,In Stock,2022-11-13
INV000380,PRD00106,WH003,1106,56,In Stock,2022-03-16
INV000381,PRD00106,WH004,623,56,In Stock,2022-07-01
INV000382,PRD00106,WH008,829,56,In Stock,2025-04-30
INV000383,PRD00106,WH006,759,56,In Stock,2024-10-08
INV000384,PRD00107,WH006,522,39,In Stock,2024-01-27
INV000385,PRD00107,WH012,683,39,In Stock,2024-04-07
INV000386,PRD00108,WH008,389,179,In Stock,2025-11-07
INV000387,PRD00108,WH005,1403,179,In Stock,2025-07-15
INV000388,PRD00108,WH010,139,179,Low Stock,2026-07-19
INV000389,PRD00108,WH009,460,179,In Stock,2025-02-14
INV000390,PRD00108,WH007,339,179,In Stock,2023-11-26
INV000391,PRD00109,WH008,274,104,In Stock,2023-03-25
INV000392,PRD00109,WH001,166,104,In Stock,2023-04-17
INV000393,PRD00110,WH001,398,101,In Stock,2023-12-11
INV000394,PRD00110,WH011,1335,101,In Stock,2025-10-22
INV000395,PRD00111,WH001,1284,158,In Stock,2025-02-27
INV000396,PRD00111,WH006,557,158,In Stock,2025-05-31
INV000397,PRD00111,WH009,1397,158,In Stock,2022-12-04
INV000398,PRD00111,WH007,118,158,Low Stock,2026-07-02
INV000399,PRD00111,WH004,251,158,In Stock,2024-04-07
INV000400,PRD00112,WH010,935,195,In Stock,2026-07-18
INV000401,PRD00112,WH009,567,195,In Stock,2022-11-19
INV000402,PRD00112,WH002,682,195,In Stock,2023-08-31
INV000403,PRD00113,WH008,1265,43,In Stock,2025-12-11
INV000404,PRD00113,WH003,757,43,In Stock,2026-05-15
INV000405,PRD00113,WH009,371,43,In Stock,2022-07-17
INV000406,PRD00113,WH006,886,43,In Stock,2024-03-12
INV000407,PRD00114,WH006,1322,200,In Stock,2024-07-15
INV000408,PRD00114,WH010,127,200,Low Stock,2025-08-05
INV000409,PRD00114,WH011,413,200,In Stock,2024-02-03
INV000410,PRD00115,WH009,292,96,In Stock,2022-01-26
INV000411,PRD00115,WH001,545,96,In Stock,2023-06-29
INV000412,PRD00115,WH006,263,96,In Stock,2025-01-01
INV000413,PRD00115,WH004,1054,96,In Stock,2023-07-01
INV000414,PRD00115,WH007,192,96,In Stock,2023-05-13
INV000415,PRD00116,WH012,873,34,In Stock,2022-07-27
INV000416,PRD00116,WH008,167,34,In Stock,2024-07-20
INV000417,PRD00116,WH001,1160,34,In Stock,2025-02-16
INV000418,PRD00116,WH003,55,34,In Stock,2026-04-09
INV000419,PRD00116,WH007,919,34,In Stock,2024-05-22
INV000420,PRD00117,WH012,1435,82,In Stock,2026-04-12
INV000421,PRD00117,WH003,902,82,In Stock,2024-10-26
INV000422,PRD00118,WH009,870,66,In Stock,2022-03-15
INV000423,PRD00118,WH002,1034,66,In Stock,2025-05-08
INV000424,PRD00118,WH003,834,66,In Stock,2026-07-01
INV000425,PRD00119,WH004,401,117,In Stock,2023-03-25
INV000426,PRD00119,WH010,822,117,In Stock,2023-03-27
INV000427,PRD00120,WH006,1177,169,In Stock,2026-06-30
INV000428,PRD00120,WH003,246,169,In Stock,2022-02-06
INV000429,PRD00120,WH002,432,169,In Stock,2022-11-05
INV000430,PRD00121,WH002,422,137,In Stock,2026-11-27
INV000431,PRD00121,WH009,567,137,In Stock,2024-08-28
INV000432,PRD00121,WH003,176,137,In Stock,2024-06-13
INV000433,PRD00121,WH007,549,137,In Stock,2025-09-03
INV000434,PRD00121,WH011,109,137,Low Stock,2023-10-15
INV000435,PRD00122,WH003,1060,139,In Stock,2026-07-26
INV000436,PRD00122,WH002,26,139,Low Stock,2024-04-20
INV000437,PRD00123,WH007,429,38,In Stock,2026-10-01
INV000438,PRD00123,WH012,20,38,Low Stock,2025-09-20
INV000439,PRD00123,WH001,1102,38,In Stock,2023-12-27
INV000440,PRD00123,WH005,14,38,Low Stock,2026-03-14
INV000441,PRD00124,WH007,646,96,In Stock,2024-01-22
INV000442,PRD00124,WH009,438,96,In Stock,2025-12-04
INV000443,PRD00124,WH001,933,96,In Stock,2023-09-12
INV000444,PRD00124,WH002,155,96,In Stock,2025-02-25
INV000445,PRD00124,WH012,18,96,Low Stock,2025-11-16
INV000446,PRD00125,WH004,962,136,In Stock,2026-07-04
INV000447,PRD00125,WH012,305,136,In Stock,2023-04-10
INV000448,PRD00125,WH011,920,136,In Stock,2026-12-16
INV000449,PRD00126,WH003,65,143,Low Stock,2025-04-25
INV000450,PRD00126,WH007,1229,143,In Stock,2025-09-15
INV000451,PRD00127,WH004,1285,167,In Stock,2026-05-19
INV000452,PRD00127,WH011,1113,167,In Stock,2025-10-25
INV000453,PRD00127,WH005,224,167,In Stock,2023-12-31
INV000454,PRD00128,WH012,421,188,In Stock,2026-02-01
INV000455,PRD00128,WH009,1186,188,In Stock,2022-02-01
INV000456,PRD00128,WH008,390,188,In Stock,2026-04-14
INV000457,PRD00128,WH005,921,188,In Stock,2026-10-12
INV000458,PRD00129,WH003,119,195,Low Stock,2025-08-01
INV000459,PRD00129,WH007,161,195,Low Stock,2023-11-14
INV000460,PRD00129,WH002,298,195,In Stock,2026-02-14
INV000461,PRD00129,WH011,1237,195,In Stock,2026-06-23
INV000462,PRD00130,WH001,206,175,In Stock,2026-08-19
INV000463,PRD00130,WH010,294,175,In Stock,2022-12-06
INV000464,PRD00130,WH011,1460,175,In Stock,2023-11-22
INV000465,PRD00130,WH007,1298,175,In Stock,2023-02-06
INV000466,PRD00131,WH004,1425,93,In Stock,2025-03-08
INV000467,PRD00131,WH009,1020,93,In Stock,2022-01-07
INV000468,PRD00131,WH006,561,93,In Stock,2026-06-13
INV000469,PRD00131,WH005,290,93,In Stock,2024-01-09
INV000470,PRD00132,WH006,779,110,In Stock,2023-10-11
INV000471,PRD00132,WH005,142,110,In Stock,2024-12-16
INV000472,PRD00132,WH012,832,110,In Stock,2024-07-17
INV000473,PRD00133,WH003,885,193,In Stock,2023-07-30
INV000474,PRD00133,WH007,667,193,In Stock,2024-09-08
INV000475,PRD00133,WH011,859,193,In Stock,2022-10-08
INV000476,PRD00134,WH003,186,55,In Stock,2023-11-24
INV000477,PRD00134,WH006,1251,55,In Stock,2025-07-28
INV000478,PRD00135,WH007,582,30,In Stock,2022-01-08
INV000479,PRD00135,WH008,284,30,In Stock,2026-04-21
INV000480,PRD00135,WH010,892,30,In Stock,2023-07-25
INV000481,PRD00136,WH001,821,113,In Stock,2025-07-15
INV000482,PRD00136,WH009,198,113,In Stock,2023-08-05
INV000483,PRD00137,WH007,786,103,In Stock,2023-11-05
INV000484,PRD00137,WH011,795,103,In Stock,2023-01-09
INV000485,PRD00137,WH005,182,103,In Stock,2024-01-25
INV000486,PRD00138,WH011,327,158,In Stock,2023-08-23
INV000487,PRD00138,WH002,594,158,In Stock,2024-08-20
INV000488,PRD00138,WH008,321,158,In Stock,2024-05-30
INV000489,PRD00138,WH007,607,158,In Stock,2024-11-15
INV000490,PRD00138,WH012,1036,158,In Stock,2022-06-21
INV000491,PRD00139,WH008,575,89,In Stock,2023-07-20
INV000492,PRD00139,WH001,634,89,In Stock,2024-04-02
INV000493,PRD00139,WH005,886,89,In Stock,2026-01-25
INV000494,PRD00140,WH006,1236,143,In Stock,2025-01-03
INV000495,PRD00140,WH011,263,143,In Stock,2026-07-15
INV000496,PRD00140,WH010,326,143,In Stock,2024-01-18
INV000497,PRD00140,WH007,38,143,Low Stock,2022-01-29
INV000498,PRD00141,WH004,1291,106,In Stock,2024-12-24
INV000499,PRD00141,WH011,547,106,In Stock,2026-10-03
INV000500,PRD00142,WH005,177,56,In Stock,2024-01-10
INV000501,PRD00142,WH012,538,56,In Stock,2026-04-03
INV000502,PRD00142,WH011,1388,56,In Stock,2024-06-20
INV000503,PRD00142,WH002,914,56,In Stock,2023-05-22
INV000504,PRD00143,WH010,269,192,In Stock,2022-04-28
INV000505,PRD00143,WH001,567,192,In Stock,2025-04-24
INV000506,PRD00143,WH003,374,192,In Stock,2025-07-04
INV000507,PRD00144,WH004,469,162,In Stock,2024-12-06
INV000508,PRD00144,WH008,153,162,Low Stock,2024-11-01
INV000509,PRD00144,WH001,1485,162,In Stock,2023-01-25
INV000510,PRD00144,WH011,957,162,In Stock,2025-03-10
INV000511,PRD00144,WH010,1438,162,In Stock,2026-10-09
INV000512,PRD00145,WH001,687,87,In Stock,2023-08-30
INV000513,PRD00145,WH004,626,87,In Stock,2023-12-05
INV000514,PRD00146,WH009,586,192,In Stock,2025-05-04
INV000515,PRD00146,WH003,257,192,In Stock,2026-01-02
INV000516,PRD00146,WH001,984,192,In Stock,2022-11-21
INV000517,PRD00146,WH011,337,192,In Stock,2023-08-06
INV000518,PRD00147,WH001,1175,115,In Stock,2022-09-10
INV000519,PRD00147,WH006,1382,115,In Stock,2024-10-31
INV000520,PRD00148,WH009,945,178,In Stock,2024-03-09
INV000521,PRD00148,WH005,535,178,In Stock,2024-04-17
INV000522,PRD00148,WH001,1050,178,In Stock,2025-02-23
INV000523,PRD00148,WH010,246,178,In Stock,2024-01-14
INV000524,PRD00148,WH003,1064,178,In Stock,2025-08-19
INV000525,PRD00149,WH009,1180,176,In Stock,2023-03-18
INV000526,PRD00149,WH012,579,176,In Stock,2023-02-03
INV000527,PRD00149,WH005,46,176,Low Stock,2025-12-31
INV000528,PRD00149,WH002,1485,176,In Stock,2024-06-19
INV000529,PRD00149,WH003,262,176,In Stock,2024-09-17
INV000530,PRD00150,WH006,1236,138,In Stock,2024-08-09
INV000531,PRD00150,WH007,20,138,Low Stock,2025-04-03
INV000532,PRD00150,WH003,126,138,Low Stock,2023-05-06
INV000533,PRD00150,WH002,29,138,Low Stock,2022-09-13
INV000534,PRD00150,WH008,1480,138,In Stock,2022-06-21
INV000535,PRD00151,WH002,1193,49,In Stock,2023-12-08
INV000536,PRD00151,WH012,144,49,In Stock,2025-08-30
INV000537,PRD00151,WH008,1434,49,In Stock,2026-10-30
INV000538,PRD00151,WH009,1016,49,In Stock,2024-05-16
INV000539,PRD00152,WH001,67,146,Low Stock,2024-06-23
INV000540,PRD00152,WH012,838,146,In Stock,2026-01-20
INV000541,PRD00152,WH008,1285,146,In Stock,2023-11-01
INV000542,PRD00153,WH002,269,54,In Stock,2023-06-27
INV000543,PRD00153,WH003,649,54,In Stock,2023-01-16
INV000544,PRD00153,WH008,1431,54,In Stock,2026-08-24
INV000545,PRD00154,WH010,533,198,In Stock,2024-04-22
INV000546,PRD00154,WH003,468,198,In Stock,2026-07-29
INV000547,PRD00154,WH002,1382,198,In Stock,2022-07-23
INV000548,PRD00154,WH012,293,198,In Stock,2025-02-27
INV000549,PRD00155,WH003,545,59,In Stock,2023-12-17
INV000550,PRD00155,WH004,364,59,In Stock,2025-03-19
INV000551,PRD00155,WH002,1198,59,In Stock,2024-09-27
INV000552,PRD00156,WH004,617,145,In Stock,2025-02-01
INV000553,PRD00156,WH009,162,145,In Stock,2024-03-25
INV000554,PRD00156,WH011,538,145,In Stock,2025-03-26
INV000555,PRD00156,WH002,915,145,In Stock,2026-08-22
INV000556,PRD00157,WH012,343,28,In Stock,2023-10-20
INV000557,PRD00157,WH005,184,28,In Stock,2024-10-15
INV000558,PRD00157,WH008,541,28,In Stock,2024-07-11
INV000559,PRD00157,WH006,1001,28,In Stock,2023-03-24
INV000560,PRD00158,WH010,932,80,In Stock,2025-02-04
INV000561,PRD00158,WH004,834,80,In Stock,2026-08-25
INV000562,PRD00158,WH005,1130,80,In Stock,2022-03-01
INV000563,PRD00158,WH012,515,80,In Stock,2023-08-21
INV000564,PRD00159,WH004,577,114,In Stock,2023-01-10
INV000565,PRD00159,WH007,1154,114,In Stock,2025-09-30
INV000566,PRD00160,WH003,1500,35,In Stock,2026-12-18
INV000567,PRD00160,WH004,936,35,In Stock,2022-09-19
INV000568,PRD00160,WH006,1413,35,In Stock,2024-01-04
INV000569,PRD00160,WH002,1017,35,In Stock,2024-03-31
INV000570,PRD00161,WH005,1254,136,In Stock,2024-12-25
INV000571,PRD00161,WH007,578,136,In Stock,2023-01-20
INV000572,PRD00161,WH011,871,136,In Stock,2023-06-23
INV000573,PRD00161,WH006,1257,136,In Stock,2026-10-21
INV000574,PRD00162,WH002,513,172,In Stock,2026-05-05
INV000575,PRD00162,WH011,1450,172,In Stock,2026-08-11
INV000576,PRD00162,WH010,16,172,Low Stock,2026-12-21
INV000577,PRD00163,WH010,749,82,In Stock,2024-02-09
INV000578,PRD00163,WH002,538,82,In Stock,2022-01-02
INV000579,PRD00163,WH001,804,82,In Stock,2026-08-07
INV000580,PRD00163,WH007,678,82,In Stock,2024-09-19
INV000581,PRD00164,WH008,52,37,In Stock,2026-02-14
INV000582,PRD00164,WH001,378,37,In Stock,2022-10-09
INV000583,PRD00164,WH010,9,37,Low Stock,2023-04-24
INV000584,PRD00164,WH002,370,37,In Stock,2024-10-14
INV000585,PRD00165,WH011,1142,75,In Stock,2022-02-12
INV000586,PRD00165,WH010,1036,75,In Stock,2025-04-02
INV000587,PRD00165,WH001,1237,75,In Stock,2026-03-06
INV000588,PRD00166,WH012,593,57,In Stock,2022-03-26
INV000589,PRD00166,WH006,396,57,In Stock,2026-06-05
INV000590,PRD00167,WH006,1431,57,In Stock,2022-06-25
INV000591,PRD00167,WH010,171,57,In Stock,2023-01-16
INV000592,PRD00167,WH009,696,57,In Stock,2022-08-05
INV000593,PRD00168,WH005,913,64,In Stock,2023-08-06
INV000594,PRD00168,WH001,815,64,In Stock,2024-12-04
INV000595,PRD00168,WH012,892,64,In Stock,2022-12-23
INV000596,PRD00168,WH008,718,64,In Stock,2025-10-25
INV000597,PRD00169,WH012,97,23,In Stock,2022-08-28
INV000598,PRD00169,WH002,148,23,In Stock,2026-06-06
INV000599,PRD00170,WH009,689,102,In Stock,2024-11-24
INV000600,PRD00170,WH001,522,102,In Stock,2024-12-02
INV000601,PRD00171,WH008,74,127,Low Stock,2025-06-27
INV000602,PRD00171,WH005,157,127,In Stock,2023-12-07
INV000603,PRD00171,WH004,542,127,In Stock,2022-03-07
INV000604,PRD00171,WH007,1043,127,In Stock,2026-01-26
INV000605,PRD00172,WH007,991,134,In Stock,2022-01-22
INV000606,PRD00172,WH004,1483,134,In Stock,2023-12-07
INV000607,PRD00172,WH005,485,134,In Stock,2025-08-27
INV000608,PRD00172,WH008,386,134,In Stock,2022-12-29
INV000609,PRD00172,WH010,55,134,Low Stock,2022-05-16
INV000610,PRD00173,WH003,338,135,In Stock,2022-05-31
INV000611,PRD00173,WH002,1141,135,In Stock,2024-02-20
INV000612,PRD00173,WH005,35,135,Low Stock,2022-11-16
INV000613,PRD00174,WH005,255,188,In Stock,2025-04-05
INV000614,PRD00174,WH006,1086,188,In Stock,2022-06-15
INV000615,PRD00174,WH004,989,188,In Stock,2022-11-22
INV000616,PRD00175,WH008,824,35,In Stock,2025-11-19
INV000617,PRD00175,WH007,112,35,In Stock,2026-03-15
INV000618,PRD00175,WH002,696,35,In Stock,2026-06-18
INV000619,PRD00176,WH001,1020,195,In Stock,2023-04-03
INV000620,PRD00176,WH009,266,195,In Stock,2023-01-27
INV000621,PRD00176,WH007,1358,195,In Stock,2024-12-25
INV000622,PRD00177,WH002,1069,38,In Stock,2023-07-17
INV000623,PRD00177,WH008,489,38,In Stock,2022-03-28
INV000624,PRD00177,WH009,55,38,In Stock,2026-07-07
INV000625,PRD00178,WH002,782,36,In Stock,2023-09-08
INV000626,PRD00178,WH011,805,36,In Stock,2025-05-10
INV000627,PRD00179,WH007,166,160,In Stock,2023-10-08
INV000628,PRD00179,WH008,70,160,Low Stock,2024-09-20
INV000629,PRD00179,WH001,266,160,In Stock,2026-07-04
INV000630,PRD00179,WH009,28,160,Low Stock,2025-02-08
INV000631,PRD00180,WH010,697,155,In Stock,2024-10-02
INV000632,PRD00180,WH002,185,155,In Stock,2022-02-19
INV000633,PRD00181,WH001,44,45,Low Stock,2025-07-10
INV000634,PRD00181,WH006,702,45,In Stock,2024-04-29
INV000635,PRD00181,WH007,1272,45,In Stock,2025-10-24
INV000636,PRD00181,WH004,842,45,In Stock,2026-04-20
INV000637,PRD00181,WH010,986,45,In Stock,2022-12-08
INV000638,PRD00182,WH011,1369,186,In Stock,2022-09-06
INV000639,PRD00182,WH007,431,186,In Stock,2026-03-09
INV000640,PRD00182,WH003,533,186,In Stock,2026-11-17
INV000641,PRD00182,WH001,423,186,In Stock,2026-04-27
INV000642,PRD00182,WH004,1105,186,In Stock,2024-04-09
INV000643,PRD00183,WH001,1026,75,In Stock,2022-07-25
INV000644,PRD00183,WH005,99,75,In Stock,2024-06-20
INV000645,PRD00183,WH011,1339,75,In Stock,2024-12-19
INV000646,PRD00184,WH011,515,106,In Stock,2026-11-10
INV000647,PRD00184,WH008,534,106,In Stock,2022-01-15
INV000648,PRD00184,WH009,1353,106,In Stock,2025-03-01
INV000649,PRD00185,WH006,836,44,In Stock,2026-05-25
INV000650,PRD00185,WH004,33,44,Low Stock,2025-10-23
INV000651,PRD00186,WH001,1497,115,In Stock,2026-04-04
INV000652,PRD00186,WH003,838,115,In Stock,2024-02-26
INV000653,PRD00187,WH001,549,37,In Stock,2026-07-07
INV000654,PRD00187,WH011,939,37,In Stock,2022-07-04
INV000655,PRD00187,WH005,1492,37,In Stock,2024-09-11
INV000656,PRD00187,WH008,222,37,In Stock,2023-06-12
INV000657,PRD00187,WH012,405,37,In Stock,2023-04-05
INV000658,PRD00188,WH002,616,44,In Stock,2026-06-16
INV000659,PRD00188,WH003,626,44,In Stock,2024-01-22
INV000660,PRD00188,WH001,532,44,In Stock,2024-05-22
INV000661,PRD00189,WH007,494,162,In Stock,2022-01-30
INV000662,PRD00189,WH012,799,162,In Stock,2025-04-10
INV000663,PRD00189,WH004,493,162,In Stock,2026-10-11
INV000664,PRD00190,WH003,521,104,In Stock,2026-09-05
INV000665,PRD00190,WH006,1177,104,In Stock,2024-10-31
INV000666,PRD00190,WH010,113,104,In Stock,2023-02-24
INV000667,PRD00190,WH009,682,104,In Stock,2022-01-10
INV000668,PRD00191,WH003,366,190,In Stock,2026-03-23
INV000669,PRD00191,WH010,342,190,In Stock,2024-06-20
INV000670,PRD00191,WH012,484,190,In Stock,2024-10-03
INV000671,PRD00192,WH001,507,33,In Stock,2025-08-06
INV000672,PRD00192,WH003,372,33,In Stock,2024-09-24
INV000673,PRD00192,WH012,1435,33,In Stock,2024-04-23
INV000674,PRD00193,WH008,787,46,In Stock,2022-02-21
INV000675,PRD00193,WH004,658,46,In Stock,2023-11-08
INV000676,PRD00194,WH007,107,143,Low Stock,2025-06-29
INV000677,PRD00194,WH005,270,143,In Stock,2022-08-01
INV000678,PRD00194,WH003,931,143,In Stock,2023-12-14
INV000679,PRD00194,WH001,1381,143,In Stock,2026-04-15
INV000680,PRD00194,WH008,1121,143,In Stock,2024-02-08
INV000681,PRD00195,WH003,1451,162,In Stock,2025-05-28
INV000682,PRD00195,WH005,288,162,In Stock,2026-12-22
INV000683,PRD00196,WH006,94,77,In Stock,2024-06-11
INV000684,PRD00196,WH011,84,77,In Stock,2023-06-26
INV000685,PRD00196,WH009,1316,77,In Stock,2024-08-21
INV000686,PRD00196,WH007,337,77,In Stock,2023-05-17
INV000687,PRD00197,WH012,1218,179,In Stock,2024-05-13
INV000688,PRD00197,WH002,174,179,Low Stock,2022-08-30
INV000689,PRD00197,WH005,239,179,In Stock,2024-02-01
INV000690,PRD00197,WH008,382,179,In Stock,2023-12-14
INV000691,PRD00197,WH011,1403,179,In Stock,2025-06-22
INV000692,PRD00198,WH002,1265,175,In Stock,2026-08-23
INV000693,PRD00198,WH003,1161,175,In Stock,2022-07-07
INV000694,PRD00198,WH004,739,175,In Stock,2024-07-25
INV000695,PRD00198,WH011,281,175,In Stock,2023-12-21
INV000696,PRD00199,WH006,1094,27,In Stock,2022-06-30
INV000697,PRD00199,WH012,450,27,In Stock,2023-04-08
INV000698,PRD00199,WH005,1307,27,In Stock,2026-08-17
INV000699,PRD00199,WH003,1466,27,In Stock,2025-04-19
INV000700,PRD00199,WH010,1491,27,In Stock,2024-06-07
INV000701,PRD00200,WH004,805,106,In Stock,2023-06-28
INV000702,PRD00200,WH011,1075,106,In Stock,2023-10-26
INV000703,PRD00200,WH007,748,106,In Stock,2022-10-14
INV000704,PRD00200,WH006,718,106,In Stock,2024-11-08
INV000705,PRD00201,WH003,1032,164,In Stock,2022-09-21
INV000706,PRD00201,WH011,284,164,In Stock,2023-06-27
INV000707,PRD00202,WH002,621,182,In Stock,2022-09-30
INV000708,PRD00202,WH007,560,182,In Stock,2024-06-15
INV000709,PRD00203,WH012,1293,75,In Stock,2023-06-15
INV000710,PRD00203,WH004,940,75,In Stock,2026-09-16
INV000711,PRD00203,WH006,1344,75,In Stock,2023-05-08
INV000712,PRD00203,WH001,1289,75,In Stock,2024-06-22
INV000713,PRD00203,WH007,1101,75,In Stock,2022-11-16
INV000714,PRD00204,WH004,410,114,In Stock,2024-07-22
INV000715,PRD00204,WH008,5,114,Low Stock,2022-10-15
INV000716,PRD00205,WH004,419,172,In Stock,2024-02-09
INV000717,PRD00205,WH002,366,172,In Stock,2024-01-30
INV000718,PRD00205,WH007,331,172,In Stock,2023-12-14
INV000719,PRD00205,WH001,657,172,In Stock,2024-05-01
INV000720,PRD00205,WH011,738,172,In Stock,2022-04-09
INV000721,PRD00206,WH011,184,178,In Stock,2022-10-15
INV000722,PRD00206,WH004,800,178,In Stock,2022-06-03
INV000723,PRD00206,WH002,829,178,In Stock,2023-01-31
INV000724,PRD00206,WH007,1036,178,In Stock,2022-12-08
INV000725,PRD00207,WH010,270,189,In Stock,2022-01-16
INV000726,PRD00207,WH002,487,189,In Stock,2023-09-04
INV000727,PRD00207,WH007,1436,189,In Stock,2023-01-20
INV000728,PRD00208,WH002,1163,89,In Stock,2024-06-25
INV000729,PRD00208,WH011,656,89,In Stock,2023-01-21
INV000730,PRD00209,WH009,1476,130,In Stock,2025-03-16
INV000731,PRD00209,WH005,759,130,In Stock,2022-06-29
INV000732,PRD00209,WH003,1354,130,In Stock,2026-05-17
INV000733,PRD00210,WH003,1254,144,In Stock,2023-12-14
INV000734,PRD00210,WH006,1344,144,In Stock,2024-05-07
INV000735,PRD00210,WH007,862,144,In Stock,2026-09-25
INV000736,PRD00211,WH011,547,121,In Stock,2024-08-24
INV000737,PRD00211,WH002,925,121,In Stock,2026-07-03
INV000738,PRD00212,WH004,1420,97,In Stock,2025-09-16
INV000739,PRD00212,WH008,707,97,In Stock,2023-09-06
INV000740,PRD00212,WH012,1069,97,In Stock,2026-03-09
INV000741,PRD00213,WH001,394,85,In Stock,2026-02-25
INV000742,PRD00213,WH004,1142,85,In Stock,2025-03-25
INV000743,PRD00213,WH006,720,85,In Stock,2023-09-14
INV000744,PRD00213,WH003,650,85,In Stock,2024-03-05
INV000745,PRD00214,WH004,319,130,In Stock,2025-03-17
INV000746,PRD00214,WH006,454,130,In Stock,2024-01-27
INV000747,PRD00214,WH007,491,130,In Stock,2022-04-30
INV000748,PRD00215,WH010,115,78,In Stock,2026-08-22
INV000749,PRD00215,WH011,1030,78,In Stock,2022-12-20
INV000750,PRD00215,WH012,477,78,In Stock,2022-05-27
INV000751,PRD00216,WH005,20,110,Low Stock,2026-10-07
INV000752,PRD00216,WH006,1278,110,In Stock,2026-03-31
INV000753,PRD00217,WH011,830,131,In Stock,2022-12-15
INV000754,PRD00217,WH009,1455,131,In Stock,2022-05-26
INV000755,PRD00217,WH006,420,131,In Stock,2024-07-10
INV000756,PRD00218,WH010,15,100,Low Stock,2024-03-02
INV000757,PRD00218,WH011,1485,100,In Stock,2025-10-25
INV000758,PRD00219,WH007,163,183,Low Stock,2024-04-04
INV000759,PRD00219,WH006,1329,183,In Stock,2026-12-18
INV000760,PRD00219,WH012,408,183,In Stock,2024-06-05
INV000761,PRD00220,WH008,731,103,In Stock,2025-07-12
INV000762,PRD00220,WH009,1387,103,In Stock,2026-09-03
INV000763,PRD00220,WH003,1460,103,In Stock,2024-09-26
INV000764,PRD00221,WH010,76,196,Low Stock,2022-02-05
INV000765,PRD00221,WH001,783,196,In Stock,2024-08-07
INV000766,PRD00221,WH012,1499,196,In Stock,2025-02-16
INV000767,PRD00222,WH002,1456,47,In Stock,2023-10-23
INV000768,PRD00222,WH007,1355,47,In Stock,2022-07-03
INV000769,PRD00222,WH011,603,47,In Stock,2024-03-27
INV000770,PRD00222,WH004,95,47,In Stock,2023-05-18
INV000771,PRD00222,WH009,815,47,In Stock,2025-06-30
INV000772,PRD00223,WH008,1226,40,In Stock,2023-09-28
INV000773,PRD00223,WH009,986,40,In Stock,2024-01-17
INV000774,PRD00223,WH012,1272,40,In Stock,2022-04-10
INV000775,PRD00224,WH006,1285,76,In Stock,2022-01-21
INV000776,PRD00224,WH008,638,76,In Stock,2026-09-29
INV000777,PRD00224,WH009,736,76,In Stock,2025-04-15
INV000778,PRD00224,WH003,1092,76,In Stock,2023-11-11
INV000779,PRD00224,WH012,89,76,In Stock,2023-07-29
INV000780,PRD00225,WH009,285,182,In Stock,2023-09-14
INV000781,PRD00225,WH011,230,182,In Stock,2022-10-21
INV000782,PRD00225,WH010,1482,182,In Stock,2022-08-02
INV000783,PRD00225,WH008,466,182,In Stock,2024-10-06
INV000784,PRD00226,WH011,217,109,In Stock,2024-03-15
INV000785,PRD00226,WH001,1252,109,In Stock,2022-05-14
INV000786,PRD00226,WH008,1037,109,In Stock,2024-03-21
INV000787,PRD00227,WH005,165,57,In Stock,2023-09-04
INV000788,PRD00227,WH004,425,57,In Stock,2026-08-10
INV000789,PRD00227,WH006,764,57,In Stock,2026-09-24
INV000790,PRD00227,WH012,789,57,In Stock,2023-10-07
INV000791,PRD00227,WH007,528,57,In Stock,2025-06-08
INV000792,PRD00228,WH006,812,64,In Stock,2025-10-06
INV000793,PRD00228,WH002,768,64,In Stock,2026-03-19
INV000794,PRD00228,WH007,49,64,Low Stock,2025-12-13
INV000795,PRD00228,WH005,507,64,In Stock,2024-09-05
INV000796,PRD00228,WH004,249,64,In Stock,2022-08-10
INV000797,PRD00229,WH005,65,39,In Stock,2023-07-09
INV000798,PRD00229,WH007,778,39,In Stock,2023-07-08
INV000799,PRD00229,WH004,314,39,In Stock,2025-05-21
INV000800,PRD00230,WH009,579,138,In Stock,2022-10-16
INV000801,PRD00230,WH003,63,138,Low Stock,2023-03-26
INV000802,PRD00230,WH006,1273,138,In Stock,2022-05-13
INV000803,PRD00230,WH012,1386,138,In Stock,2023-03-02
INV000804,PRD00231,WH001,1276,194,In Stock,2022-01-03
INV000805,PRD00231,WH003,513,194,In Stock,2022-09-08
INV000806,PRD00231,WH002,78,194,Low Stock,2024-02-20
INV000807,PRD00231,WH006,878,194,In Stock,2024-09-30
INV000808,PRD00232,WH008,1154,179,In Stock,2026-04-19
INV000809,PRD00232,WH004,1420,179,In Stock,2023-12-23
INV000810,PRD00233,WH012,839,58,In Stock,2022-04-13
INV000811,PRD00233,WH007,523,58,In Stock,2023-09-27
INV000812,PRD00233,WH011,1111,58,In Stock,2023-01-16
INV000813,PRD00234,WH008,988,97,In Stock,2022-03-06
INV000814,PRD00234,WH006,1449,97,In Stock,2022-04-16
INV000815,PRD00234,WH005,833,97,In Stock,2024-05-09
INV000816,PRD00234,WH002,640,97,In Stock,2023-12-03
INV000817,PRD00234,WH003,1083,97,In Stock,2023-03-07
INV000818,PRD00235,WH012,287,149,In Stock,2026-10-12
INV000819,PRD00235,WH008,1220,149,In Stock,2025-11-18
INV000820,PRD00235,WH010,1115,149,In Stock,2026-03-28
INV000821,PRD00236,WH006,729,34,In Stock,2026-06-16
INV000822,PRD00236,WH007,1238,34,In Stock,2025-01-22
INV000823,PRD00236,WH005,54,34,In Stock,2024-12-06
INV000824,PRD00236,WH010,1032,34,In Stock,2022-04-16
INV000825,PRD00236,WH008,917,34,In Stock,2022-08-06
INV000826,PRD00237,WH004,695,43,In Stock,2023-04-13
INV000827,PRD00237,WH005,246,43,In Stock,2023-05-16
INV000828,PRD00237,WH010,1214,43,In Stock,2025-12-09
INV000829,PRD00237,WH008,978,43,In Stock,2026-07-20
INV000830,PRD00238,WH002,616,168,In Stock,2023-01-12
INV000831,PRD00238,WH004,1275,168,In Stock,2023-12-15
INV000832,PRD00238,WH012,780,168,In Stock,2025-08-27
INV000833,PRD00238,WH009,999,168,In Stock,2024-06-20
INV000834,PRD00239,WH011,364,30,In Stock,2025-06-08
INV000835,PRD00239,WH001,1380,30,In Stock,2024-08-18
INV000836,PRD00239,WH002,119,30,In Stock,2023-03-11
INV000837,PRD00239,WH006,929,30,In Stock,2022-06-19
INV000838,PRD00240,WH008,674,68,In Stock,2022-10-08
INV000839,PRD00240,WH005,1139,68,In Stock,2022-04-11
INV000840,PRD00240,WH009,396,68,In Stock,2023-09-17
INV000841,PRD00240,WH006,1371,68,In Stock,2024-02-21
INV000842,PRD00240,WH012,674,68,In Stock,2024-08-03
INV000843,PRD00241,WH012,151,35,In Stock,2022-12-26
INV000844,PRD00241,WH007,1241,35,In Stock,2023-10-28
INV000845,PRD00242,WH009,612,107,In Stock,2024-10-10
INV000846,PRD00242,WH004,611,107,In Stock,2022-05-14
INV000847,PRD00243,WH007,996,64,In Stock,2022-11-20
INV000848,PRD00243,WH011,208,64,In Stock,2025-02-04
INV000849,PRD00244,WH008,856,154,In Stock,2023-02-08
INV000850,PRD00244,WH002,486,154,In Stock,2024-07-16
INV000851,PRD00244,WH005,571,154,In Stock,2024-04-12
INV000852,PRD00244,WH010,369,154,In Stock,2023-08-10
INV000853,PRD00244,WH006,938,154,In Stock,2022-03-22
INV000854,PRD00245,WH012,987,92,In Stock,2026-09-16
INV000855,PRD00245,WH004,677,92,In Stock,2026-09-05
INV000856,PRD00245,WH005,478,92,In Stock,2023-02-18
INV000857,PRD00246,WH012,1202,173,In Stock,2022-11-01
INV000858,PRD00246,WH002,477,173,In Stock,2023-08-27
INV000859,PRD00246,WH011,590,173,In Stock,2023-07-20
INV000860,PRD00247,WH008,626,36,In Stock,2026-12-15
INV000861,PRD00247,WH011,40,36,In Stock,2026-03-17
INV000862,PRD00247,WH002,796,36,In Stock,2026-04-21
INV000863,PRD00247,WH006,1242,36,In Stock,2022-02-05
INV000864,PRD00248,WH010,514,92,In Stock,2024-04-03
INV000865,PRD00248,WH006,1277,92,In Stock,2026-08-14
INV000866,PRD00248,WH005,1266,92,In Stock,2023-01-19
INV000867,PRD00248,WH004,150,92,In Stock,2024-05-27
INV000868,PRD00249,WH009,550,174,In Stock,2026-10-11
INV000869,PRD00249,WH011,102,174,Low Stock,2022-09-24
INV000870,PRD00250,WH002,761,189,In Stock,2025-05-05
INV000871,PRD00250,WH006,1079,189,In Stock,2026-08-13
INV000872,PRD00251,WH003,697,198,In Stock,2026-01-24
INV000873,PRD00251,WH006,210,198,In Stock,2025-05-18
INV000874,PRD00251,WH008,791,198,In Stock,2024-06-28
INV000875,PRD00251,WH011,253,198,In Stock,2022-01-02
INV000876,PRD00252,WH005,542,41,In Stock,2022-06-17
INV000877,PRD00252,WH006,1351,41,In Stock,2024-10-29
INV000878,PRD00253,WH008,925,104,In Stock,2023-09-28
INV000879,PRD00253,WH003,518,104,In Stock,2026-05-13
INV000880,PRD00253,WH005,304,104,In Stock,2024-10-02
INV000881,PRD00253,WH001,183,104,In Stock,2024-05-31
INV000882,PRD00253,WH009,862,104,In Stock,2022-05-05
INV000883,PRD00254,WH001,1305,195,In Stock,2026-11-01
INV000884,PRD00254,WH006,969,195,In Stock,2024-10-19
INV000885,PRD00254,WH009,555,195,In Stock,2024-03-01
INV000886,PRD00254,WH004,1052,195,In Stock,2022-11-16
INV000887,PRD00255,WH003,269,128,In Stock,2026-03-01
INV000888,PRD00255,WH011,770,128,In Stock,2022-07-28
INV000889,PRD00256,WH010,945,66,In Stock,2024-12-12
INV000890,PRD00256,WH002,1333,66,In Stock,2023-12-10
INV000891,PRD00256,WH009,1275,66,In Stock,2025-01-29
INV000892,PRD00256,WH008,309,66,In Stock,2023-02-03
INV000893,PRD00256,WH004,609,66,In Stock,2024-10-03
INV000894,PRD00257,WH008,157,144,In Stock,2023-10-30
INV000895,PRD00257,WH010,1441,144,In Stock,2026-11-17
INV000896,PRD00257,WH007,347,144,In Stock,2024-11-02
INV000897,PRD00257,WH006,1155,144,In Stock,2023-04-03
INV000898,PRD00258,WH003,817,39,In Stock,2023-03-21
INV000899,PRD00258,WH011,1121,39,In Stock,2023-07-04
INV000900,PRD00258,WH006,608,39,In Stock,2022-05-04
INV000901,PRD00259,WH012,217,158,In Stock,2024-01-04
INV000902,PRD00259,WH011,976,158,In Stock,2026-11-05
INV000903,PRD00260,WH001,307,189,In Stock,2025-05-09
INV000904,PRD00260,WH007,1400,189,In Stock,2024-05-07
INV000905,PRD00260,WH012,47,189,Low Stock,2022-03-18
INV000906,PRD00260,WH008,938,189,In Stock,2026-10-20
INV000907,PRD00261,WH003,994,172,In Stock,2026-03-10
INV000908,PRD00261,WH004,887,172,In Stock,2026-04-18
INV000909,PRD00261,WH006,1093,172,In Stock,2025-03-31
INV000910,PRD00261,WH005,841,172,In Stock,2026-01-23
INV000911,PRD00261,WH001,1426,172,In Stock,2026-01-07
INV000912,PRD00262,WH005,501,197,In Stock,2024-10-25
INV000913,PRD00262,WH010,1159,197,In Stock,2023-11-24
INV000914,PRD00262,WH012,534,197,In Stock,2022-04-08
INV000915,PRD00262,WH008,524,197,In Stock,2025-01-11
INV000916,PRD00262,WH006,1270,197,In Stock,2026-06-15
INV000917,PRD00263,WH001,1352,132,In Stock,2025-05-27
INV000918,PRD00263,WH008,81,132,Low Stock,2026-07-06
INV000919,PRD00264,WH004,924,80,In Stock,2022-10-17
INV000920,PRD00264,WH007,464,80,In Stock,2026-06-10
INV000921,PRD00264,WH010,548,80,In Stock,2026-09-13
INV000922,PRD00264,WH005,271,80,In Stock,2025-10-14
INV000923,PRD00264,WH012,1273,80,In Stock,2025-09-15
INV000924,PRD00265,WH005,67,134,Low Stock,2022-03-21
INV000925,PRD00265,WH012,1076,134,In Stock,2026-02-01
INV000926,PRD00265,WH003,411,134,In Stock,2023-07-26
INV000927,PRD00265,WH006,646,134,In Stock,2026-12-26
INV000928,PRD00265,WH010,790,134,In Stock,2024-10-12
INV000929,PRD00266,WH003,696,140,In Stock,2022-08-27
INV000930,PRD00266,WH004,319,140,In Stock,2023-08-19
INV000931,PRD00267,WH009,600,166,In Stock,2022-05-04
INV000932,PRD00267,WH006,596,166,In Stock,2026-10-28
INV000933,PRD00267,WH002,1490,166,In Stock,2026-10-12
INV000934,PRD00267,WH003,1254,166,In Stock,2024-02-29
INV000935,PRD00268,WH002,748,117,In Stock,2022-05-20
INV000936,PRD00268,WH008,1445,117,In Stock,2022-03-19
INV000937,PRD00269,WH010,1068,71,In Stock,2026-08-23
INV000938,PRD00269,WH012,60,71,Low Stock,2022-04-08
INV000939,PRD00269,WH011,255,71,In Stock,2022-01-14
INV000940,PRD00270,WH010,1204,33,In Stock,2026-10-10
INV000941,PRD00270,WH007,180,33,In Stock,2024-05-01
INV000942,PRD00270,WH008,191,33,In Stock,2025-01-09
INV000943,PRD00270,WH001,1058,33,In Stock,2026-05-28
INV000944,PRD00270,WH004,1026,33,In Stock,2023-08-13
INV000945,PRD00271,WH003,1081,46,In Stock,2023-07-09
INV000946,PRD00271,WH004,552,46,In Stock,2025-03-30
INV000947,PRD00271,WH012,1324,46,In Stock,2024-07-18
INV000948,PRD00271,WH005,514,46,In Stock,2024-04-14
INV000949,PRD00271,WH007,881,46,In Stock,2025-09-22
INV000950,PRD00272,WH002,744,92,In Stock,2025-08-08
INV000951,PRD00272,WH012,689,92,In Stock,2024-02-29
INV000952,PRD00272,WH001,980,92,In Stock,2026-01-12
INV000953,PRD00273,WH003,891,151,In Stock,2024-03-11
INV000954,PRD00273,WH001,1121,151,In Stock,2023-12-03
INV000955,PRD00273,WH011,724,151,In Stock,2025-08-20
INV000956,PRD00273,WH008,187,151,In Stock,2026-12-31
INV000957,PRD00273,WH002,24,151,Low Stock,2026-05-31
INV000958,PRD00274,WH002,1034,76,In Stock,2025-08-16
INV000959,PRD00274,WH005,343,76,In Stock,2022-06-09
INV000960,PRD00274,WH006,623,76,In Stock,2026-01-14
INV000961,PRD00274,WH009,1052,76,In Stock,2026-07-27
INV000962,PRD00275,WH005,478,26,In Stock,2023-01-17
INV000963,PRD00275,WH006,228,26,In Stock,2023-10-28
INV000964,PRD00275,WH001,54,26,In Stock,2026-10-13
INV000965,PRD00275,WH010,1051,26,In Stock,2026-11-19
INV000966,PRD00275,WH007,549,26,In Stock,2024-10-02
INV000967,PRD00276,WH001,1471,80,In Stock,2023-12-16
INV000968,PRD00276,WH002,26,80,Low Stock,2025-04-24
INV000969,PRD00276,WH007,1137,80,In Stock,2025-08-19
INV000970,PRD00276,WH004,1229,80,In Stock,2025-06-19
INV000971,PRD00276,WH009,381,80,In Stock,2026-03-02
INV000972,PRD00277,WH007,815,27,In Stock,2025-08-05
INV000973,PRD00277,WH003,1277,27,In Stock,2022-03-28
INV000974,PRD00277,WH004,1140,27,In Stock,2023-05-17
INV000975,PRD00277,WH011,1235,27,In Stock,2022-04-03
INV000976,PRD00277,WH008,963,27,In Stock,2025-05-04
INV000977,PRD00278,WH002,118,186,Low Stock,2026-07-26
INV000978,PRD00278,WH008,587,186,In Stock,2025-12-26
INV000979,PRD00278,WH001,882,186,In Stock,2023-12-23
INV000980,PRD00278,WH003,851,186,In Stock,2025-10-14
INV000981,PRD00278,WH004,366,186,In Stock,2024-01-08
INV000982,PRD00279,WH005,1303,93,In Stock,2024-06-30
INV000983,PRD00279,WH004,1031,93,In Stock,2023-01-31
INV000984,PRD00279,WH007,927,93,In Stock,2023-01-24
INV000985,PRD00279,WH008,283,93,In Stock,2022-12-03
INV000986,PRD00279,WH002,95,93,In Stock,2023-11-08
INV000987,PRD00280,WH011,572,55,In Stock,2022-02-07
INV000988,PRD00280,WH008,1270,55,In Stock,2022-07-20
INV000989,PRD00280,WH007,990,55,In Stock,2026-06-14
INV000990,PRD00280,WH010,1294,55,In Stock,2025-07-28
INV000991,PRD00280,WH001,89,55,In Stock,2024-12-02
INV000992,PRD00281,WH005,412,21,In Stock,2023-11-14
INV000993,PRD00281,WH011,596,21,In Stock,2025-04-22
INV000994,PRD00282,WH008,775,58,In Stock,2022-10-01
INV000995,PRD00282,WH002,1097,58,In Stock,2026-05-13
INV000996,PRD00282,WH006,527,58,In Stock,2024-01-03
INV000997,PRD00283,WH008,174,128,In Stock,2024-02-17
INV000998,PRD00283,WH004,1088,128,In Stock,2022-03-10
INV000999,PRD00284,WH005,1142,51,In Stock,2026-04-20
INV001000,PRD00284,WH009,637,51,In Stock,2022-04-14
INV001001,PRD00284,WH011,169,51,In Stock,2026-08-26
INV001002,PRD00284,WH010,993,51,In Stock,2026-12-07
INV001003,PRD00284,WH003,1111,51,In Stock,2026-05-29
INV001004,PRD00285,WH005,801,179,In Stock,2026-11-29
INV001005,PRD00285,WH012,373,179,In Stock,2026-10-13
INV001006,PRD00285,WH008,342,179,In Stock,2025-06-09
INV001007,PRD00285,WH009,905,179,In Stock,2023-03-27
INV001008,PRD00286,WH012,1187,147,In Stock,2025-05-04
INV001009,PRD00286,WH007,321,147,In Stock,2023-03-31
INV001010,PRD00287,WH001,255,167,In Stock,2024-07-17
INV001011,PRD00287,WH002,39,167,Low Stock,2023-02-26
INV001012,PRD00287,WH011,420,167,In Stock,2025-10-15
INV001013,PRD00287,WH010,1361,167,In Stock,2023-09-09
INV001014,PRD00287,WH007,1182,167,In Stock,2024-05-09
INV001015,PRD00288,WH007,1189,20,In Stock,2022-02-24
INV001016,PRD00288,WH002,675,20,In Stock,2023-07-10
INV001017,PRD00288,WH009,672,20,In Stock,2026-03-31
INV001018,PRD00289,WH007,999,67,In Stock,2023-03-14
INV001019,PRD00289,WH009,1479,67,In Stock,2025-08-17
INV001020,PRD00289,WH008,250,67,In Stock,2024-04-13
INV001021,PRD00289,WH011,1136,67,In Stock,2025-08-19
INV001022,PRD00290,WH006,151,37,In Stock,2026-11-07
INV001023,PRD00290,WH001,695,37,In Stock,2024-05-10
INV001024,PRD00291,WH004,614,149,In Stock,2023-10-09
INV001025,PRD00291,WH008,1483,149,In Stock,2026-02-21
INV001026,PRD00291,WH001,269,149,In Stock,2026-09-02
INV001027,PRD00292,WH008,1287,31,In Stock,2026-03-30
INV001028,PRD00292,WH010,620,31,In Stock,2026-08-06
INV001029,PRD00292,WH006,318,31,In Stock,2026-06-20
INV001030,PRD00292,WH001,1468,31,In Stock,2024-09-25
INV001031,PRD00292,WH009,416,31,In Stock,2023-12-05
INV001032,PRD00293,WH012,697,24,In Stock,2025-11-22
INV001033,PRD00293,WH001,620,24,In Stock,2025-04-21
INV001034,PRD00293,WH003,30,24,In Stock,2023-11-05
INV001035,PRD00293,WH005,584,24,In Stock,2026-09-19
INV001036,PRD00294,WH006,91,188,Low Stock,2026-01-03
INV001037,PRD00294,WH004,1299,188,In Stock,2022-02-08
INV001038,PRD00294,WH007,1374,188,In Stock,2022-11-16
INV001039,PRD00295,WH010,1330,105,In Stock,2023-03-31
INV001040,PRD00295,WH008,458,105,In Stock,2025-06-13
INV001041,PRD00296,WH006,732,184,In Stock,2026-11-29
INV001042,PRD00296,WH003,1473,184,In Stock,2022-01-25
INV001043,PRD00297,WH006,428,198,In Stock,2022-09-16
INV001044,PRD00297,WH001,710,198,In Stock,2024-12-01
INV001045,PRD00297,WH007,79,198,Low Stock,2024-10-20
INV001046,PRD00298,WH012,747,36,In Stock,2026-08-17
INV001047,PRD00298,WH003,1473,36,In Stock,2025-06-11
INV001048,PRD00298,WH005,442,36,In Stock,2024-09-25
INV001049,PRD00298,WH004,903,36,In Stock,2026-08-09
INV001050,PRD00298,WH002,598,36,In Stock,2022-09-08
INV001051,PRD00299,WH011,1118,95,In Stock,2024-08-03
INV001052,PRD00299,WH012,355,95,In Stock,2025-06-24
INV001053,PRD00299,WH010,421,95,In Stock,2023-04-07
INV001054,PRD00299,WH007,95,95,In Stock,2025-12-27
INV001055,PRD00300,WH004,773,30,In Stock,2023-08-16
INV001056,PRD00300,WH001,85,30,In Stock,2024-12-12
INV001057,PRD00300,WH006,1480,30,In Stock,2026-01-08
INV001058,PRD00300,WH009,787,30,In Stock,2026-10-25
INV001059,PRD00301,WH011,1180,159,In Stock,2026-04-01
INV001060,PRD00301,WH008,339,159,In Stock,2025-09-24
INV001061,PRD00302,WH010,268,68,In Stock,2024-11-01
INV001062,PRD00302,WH003,585,68,In Stock,2023-12-28
INV001063,PRD00302,WH002,450,68,In Stock,2026-12-05
INV001064,PRD00303,WH008,142,187,Low Stock,2026-06-02
INV001065,PRD00303,WH001,64,187,Low Stock,2026-07-18
INV001066,PRD00303,WH006,324,187,In Stock,2026-09-25
INV001067,PRD00303,WH010,157,187,Low Stock,2022-02-12
INV001068,PRD00303,WH002,121,187,Low Stock,2025-09-05
INV001069,PRD00304,WH006,184,131,In Stock,2023-12-03
INV001070,PRD00304,WH004,995,131,In Stock,2022-12-30
INV001071,PRD00305,WH002,1259,118,In Stock,2026-09-14
INV001072,PRD00305,WH001,304,118,In Stock,2026-06-27
INV001073,PRD00305,WH009,327,118,In Stock,2024-05-15
INV001074,PRD00305,WH008,502,118,In Stock,2022-01-08
INV001075,PRD00306,WH008,1223,147,In Stock,2025-05-22
INV001076,PRD00306,WH001,226,147,In Stock,2026-03-20
INV001077,PRD00306,WH011,902,147,In Stock,2022-08-02
INV001078,PRD00306,WH004,572,147,In Stock,2025-01-17
INV001079,PRD00306,WH003,500,147,In Stock,2025-08-05
INV001080,PRD00307,WH004,1490,41,In Stock,2024-04-05
INV001081,PRD00307,WH006,220,41,In Stock,2024-10-06
INV001082,PRD00308,WH012,902,66,In Stock,2022-06-23
INV001083,PRD00308,WH006,1232,66,In Stock,2026-11-02
INV001084,PRD00308,WH010,921,66,In Stock,2025-03-30
INV001085,PRD00308,WH009,997,66,In Stock,2025-11-14
INV001086,PRD00309,WH010,894,103,In Stock,2024-08-18
INV001087,PRD00309,WH008,151,103,In Stock,2025-04-24
INV001088,PRD00309,WH005,449,103,In Stock,2022-02-18
INV001089,PRD00310,WH009,466,129,In Stock,2022-06-08
INV001090,PRD00310,WH007,491,129,In Stock,2022-03-08
INV001091,PRD00310,WH006,169,129,In Stock,2026-10-20
INV001092,PRD00310,WH012,747,129,In Stock,2025-08-11
INV001093,PRD00311,WH005,1093,30,In Stock,2023-06-04
INV001094,PRD00311,WH010,613,30,In Stock,2025-08-30
INV001095,PRD00311,WH004,1466,30,In Stock,2024-02-19
INV001096,PRD00312,WH009,463,131,In Stock,2022-05-13
INV001097,PRD00312,WH010,847,131,In Stock,2022-07-19
INV001098,PRD00313,WH011,1268,39,In Stock,2024-03-16
INV001099,PRD00313,WH004,1381,39,In Stock,2024-09-28
INV001100,PRD00313,WH001,485,39,In Stock,2024-02-14
INV001101,PRD00313,WH008,484,39,In Stock,2022-05-24
INV001102,PRD00313,WH007,175,39,In Stock,2026-09-28
INV001103,PRD00314,WH008,290,193,In Stock,2022-02-21
INV001104,PRD00314,WH002,610,193,In Stock,2024-12-13
INV001105,PRD00315,WH003,920,175,In Stock,2024-10-22
INV001106,PRD00315,WH007,1263,175,In Stock,2023-02-27
INV001107,PRD00315,WH002,125,175,Low Stock,2023-11-05
INV001108,PRD00316,WH006,397,37,In Stock,2025-03-22
INV001109,PRD00316,WH010,946,37,In Stock,2026-02-04
INV001110,PRD00316,WH002,184,37,In Stock,2022-04-15
INV001111,PRD00317,WH002,753,118,In Stock,2023-10-28
INV001112,PRD00317,WH001,824,118,In Stock,2023-04-03
INV001113,PRD00317,WH003,193,118,In Stock,2024-10-23
INV001114,PRD00317,WH008,1028,118,In Stock,2022-03-24
INV001115,PRD00318,WH008,313,193,In Stock,2026-09-06
INV001116,PRD00318,WH005,303,193,In Stock,2023-11-29
INV001117,PRD00318,WH012,77,193,Low Stock,2024-05-09
INV001118,PRD00318,WH004,1456,193,In Stock,2022-02-26
INV001119,PRD00318,WH009,915,193,In Stock,2026-12-08
INV001120,PRD00319,WH011,869,39,In Stock,2022-12-22
INV001121,PRD00319,WH012,473,39,In Stock,2022-02-16
INV001122,PRD00319,WH007,996,39,In Stock,2025-08-05
INV001123,PRD00320,WH010,1360,100,In Stock,2024-11-18
INV001124,PRD00320,WH006,1132,100,In Stock,2024-04-30
INV001125,PRD00321,WH006,93,26,In Stock,2024-10-30
INV001126,PRD00321,WH007,152,26,In Stock,2025-11-13
INV001127,PRD00321,WH003,319,26,In Stock,2022-10-15
INV001128,PRD00321,WH004,761,26,In Stock,2023-05-31
INV001129,PRD00322,WH008,702,163,In Stock,2025-10-25
INV001130,PRD00322,WH010,209,163,In Stock,2022-08-01
INV001131,PRD00322,WH001,29,163,Low Stock,2024-08-23
INV001132,PRD00322,WH004,107,163,Low Stock,2025-08-14
INV001133,PRD00323,WH003,575,134,In Stock,2023-10-23
INV001134,PRD00323,WH008,300,134,In Stock,2023-01-31
INV001135,PRD00323,WH010,202,134,In Stock,2022-04-24
INV001136,PRD00324,WH006,46,145,Low Stock,2026-02-03
INV001137,PRD00324,WH012,1051,145,In Stock,2024-11-26
INV001138,PRD00324,WH010,140,145,Low Stock,2026-07-02
INV001139,PRD00325,WH011,1139,135,In Stock,2022-05-16
INV001140,PRD00325,WH003,226,135,In Stock,2023-06-02
INV001141,PRD00326,WH009,335,194,In Stock,2026-05-22
INV001142,PRD00326,WH012,273,194,In Stock,2025-02-23
INV001143,PRD00326,WH001,520,194,In Stock,2023-04-25
INV001144,PRD00327,WH003,508,108,In Stock,2024-02-27
INV001145,PRD00327,WH009,1208,108,In Stock,2026-10-04
INV001146,PRD00327,WH007,216,108,In Stock,2023-03-31
INV001147,PRD00327,WH005,1433,108,In Stock,2022-03-27
INV001148,PRD00327,WH012,838,108,In Stock,2025-05-26
INV001149,PRD00328,WH011,95,96,Low Stock,2022-04-09
INV001150,PRD00328,WH010,1461,96,In Stock,2022-07-02
INV001151,PRD00328,WH003,833,96,In Stock,2022-11-28
INV001152,PRD00329,WH002,926,199,In Stock,2026-05-04
INV001153,PRD00329,WH004,232,199,In Stock,2025-09-30
INV001154,PRD00329,WH006,1456,199,In Stock,2022-08-23
INV001155,PRD00330,WH007,1281,77,In Stock,2026-02-20
INV001156,PRD00330,WH002,1368,77,In Stock,2023-02-01
INV001157,PRD00330,WH012,1491,77,In Stock,2025-01-28
INV001158,PRD00331,WH009,615,80,In Stock,2023-02-13
INV001159,PRD00331,WH008,362,80,In Stock,2026-07-24
INV001160,PRD00331,WH002,927,80,In Stock,2024-05-30
INV001161,PRD00331,WH004,1047,80,In Stock,2024-07-21
INV001162,PRD00332,WH006,1015,166,In Stock,2025-02-13
INV001163,PRD00332,WH012,1297,166,In Stock,2022-10-29
INV001164,PRD00333,WH007,1105,53,In Stock,2026-11-02
INV001165,PRD00333,WH011,61,53,In Stock,2023-07-20
INV001166,PRD00333,WH006,565,53,In Stock,2025-07-16
INV001167,PRD00334,WH001,863,121,In Stock,2024-01-01
INV001168,PRD00334,WH002,547,121,In Stock,2024-02-06
INV001169,PRD00334,WH008,1330,121,In Stock,2023-09-17
INV001170,PRD00335,WH003,437,125,In Stock,2023-12-17
INV001171,PRD00335,WH009,1427,125,In Stock,2022-02-06
INV001172,PRD00335,WH006,408,125,In Stock,2022-12-30
INV001173,PRD00335,WH002,1156,125,In Stock,2025-07-11
INV001174,PRD00336,WH008,61,52,In Stock,2023-01-17
INV001175,PRD00336,WH001,953,52,In Stock,2024-10-23
INV001176,PRD00336,WH005,398,52,In Stock,2025-12-17
INV001177,PRD00337,WH003,878,139,In Stock,2025-07-03
INV001178,PRD00337,WH008,257,139,In Stock,2024-11-18
INV001179,PRD00337,WH009,519,139,In Stock,2022-03-20
INV001180,PRD00337,WH012,922,139,In Stock,2025-07-24
INV001181,PRD00337,WH002,1277,139,In Stock,2022-02-15
INV001182,PRD00338,WH011,1067,161,In Stock,2026-06-08
INV001183,PRD00338,WH009,467,161,In Stock,2024-01-23
INV001184,PRD00338,WH012,667,161,In Stock,2024-07-05
INV001185,PRD00338,WH002,1169,161,In Stock,2022-10-13
INV001186,PRD00339,WH003,409,130,In Stock,2022-04-09
INV001187,PRD00339,WH004,1012,130,In Stock,2026-12-02
INV001188,PRD00340,WH010,181,51,In Stock,2026-05-28
INV001189,PRD00340,WH005,1285,51,In Stock,2023-05-22
INV001190,PRD00341,WH011,21,102,Low Stock,2024-04-13
INV001191,PRD00341,WH012,1281,102,In Stock,2026-03-05
INV001192,PRD00342,WH009,465,92,In Stock,2025-06-16
INV001193,PRD00342,WH007,1462,92,In Stock,2025-12-29
INV001194,PRD00343,WH009,1092,161,In Stock,2026-12-07
INV001195,PRD00343,WH010,1354,161,In Stock,2023-12-22
INV001196,PRD00344,WH004,299,156,In Stock,2024-01-14
INV001197,PRD00344,WH003,1246,156,In Stock,2024-06-25
INV001198,PRD00344,WH005,82,156,Low Stock,2022-04-15
INV001199,PRD00344,WH002,498,156,In Stock,2023-01-31
INV001200,PRD00345,WH012,423,168,In Stock,2022-11-13
INV001201,PRD00345,WH002,584,168,In Stock,2025-06-27
INV001202,PRD00346,WH008,807,174,In Stock,2022-11-05
INV001203,PRD00346,WH001,997,174,In Stock,2022-11-05
INV001204,PRD00346,WH004,1289,174,In Stock,2025-05-02
INV001205,PRD00346,WH007,1488,174,In Stock,2025-08-26
INV001206,PRD00347,WH008,1002,27,In Stock,2023-08-20
INV001207,PRD00347,WH004,243,27,In Stock,2025-04-28
INV001208,PRD00347,WH009,289,27,In Stock,2023-03-03
INV001209,PRD00348,WH004,1122,167,In Stock,2022-06-07
INV001210,PRD00348,WH005,1216,167,In Stock,2022-07-11
INV001211,PRD00349,WH004,822,126,In Stock,2026-11-19
INV001212,PRD00349,WH003,335,126,In Stock,2022-08-02
INV001213,PRD00349,WH008,174,126,In Stock,2024-09-23
INV001214,PRD00350,WH002,636,180,In Stock,2023-09-24
INV001215,PRD00350,WH005,90,180,Low Stock,2022-11-19
INV001216,PRD00351,WH002,763,143,In Stock,2025-07-16
INV001217,PRD00351,WH005,597,143,In Stock,2023-09-29
INV001218,PRD00351,WH007,776,143,In Stock,2026-07-13
INV001219,PRD00352,WH011,993,96,In Stock,2024-06-26
INV001220,PRD00352,WH008,978,96,In Stock,2026-06-17
INV001221,PRD00353,WH004,318,132,In Stock,2024-03-19
INV001222,PRD00353,WH002,453,132,In Stock,2025-08-27
INV001223,PRD00353,WH006,106,132,Low Stock,2022-06-19
INV001224,PRD00354,WH002,269,175,In Stock,2026-02-10
INV001225,PRD00354,WH007,569,175,In Stock,2025-06-25
INV001226,PRD00354,WH012,835,175,In Stock,2025-12-01
INV001227,PRD00354,WH006,1369,175,In Stock,2025-09-22
INV001228,PRD00355,WH007,952,108,In Stock,2022-12-02
INV001229,PRD00355,WH010,286,108,In Stock,2022-08-23
INV001230,PRD00356,WH006,1325,151,In Stock,2024-12-10
INV001231,PRD00356,WH002,257,151,In Stock,2024-09-01
INV001232,PRD00356,WH008,144,151,Low Stock,2026-06-23
INV001233,PRD00356,WH004,1234,151,In Stock,2023-12-31
INV001234,PRD00356,WH007,1239,151,In Stock,2022-03-21
INV001235,PRD00357,WH009,916,51,In Stock,2024-05-25
INV001236,PRD00357,WH004,221,51,In Stock,2022-12-26
INV001237,PRD00358,WH009,350,32,In Stock,2022-05-16
INV001238,PRD00358,WH005,673,32,In Stock,2023-08-30
INV001239,PRD00358,WH003,966,32,In Stock,2025-06-25
INV001240,PRD00358,WH002,732,32,In Stock,2022-08-07
INV001241,PRD00358,WH001,1384,32,In Stock,2022-08-23
INV001242,PRD00359,WH003,686,127,In Stock,2024-01-07
INV001243,PRD00359,WH005,203,127,In Stock,2022-10-22
INV001244,PRD00359,WH002,1194,127,In Stock,2026-11-25
INV001245,PRD00359,WH010,559,127,In Stock,2022-11-20
INV001246,PRD00359,WH004,252,127,In Stock,2025-01-17
INV001247,PRD00360,WH003,660,103,In Stock,2023-04-05
INV001248,PRD00360,WH010,1392,103,In Stock,2026-06-07
INV001249,PRD00361,WH002,53,60,Low Stock,2025-04-21
INV001250,PRD00361,WH010,569,60,In Stock,2025-03-29
INV001251,PRD00361,WH008,223,60,In Stock,2026-04-02
INV001252,PRD00362,WH007,1049,98,In Stock,2024-06-21
INV001253,PRD00362,WH012,184,98,In Stock,2024-11-03
INV001254,PRD00363,WH006,364,149,In Stock,2023-11-25
INV001255,PRD00363,WH009,78,149,Low Stock,2023-01-08
INV001256,PRD00364,WH005,682,110,In Stock,2024-06-04
INV001257,PRD00364,WH009,619,110,In Stock,2025-06-03
INV001258,PRD00364,WH010,1383,110,In Stock,2022-01-14
INV001259,PRD00364,WH001,199,110,In Stock,2022-05-22
INV001260,PRD00364,WH004,1052,110,In Stock,2024-03-03
INV001261,PRD00365,WH002,1405,187,In Stock,2025-09-28
INV001262,PRD00365,WH005,1039,187,In Stock,2024-06-22
INV001263,PRD00365,WH004,168,187,Low Stock,2022-08-26
INV001264,PRD00365,WH001,502,187,In Stock,2023-11-30
INV001265,PRD00366,WH011,1235,47,In Stock,2025-11-08
INV001266,PRD00366,WH012,258,47,In Stock,2022-08-08
INV001267,PRD00366,WH007,1151,47,In Stock,2023-02-02
INV001268,PRD00366,WH008,1228,47,In Stock,2024-08-18
INV001269,PRD00367,WH009,199,113,In Stock,2024-07-08
INV001270,PRD00367,WH006,122,113,In Stock,2022-09-03
INV001271,PRD00367,WH008,1025,113,In Stock,2026-11-18
INV001272,PRD00367,WH005,465,113,In Stock,2023-09-07
INV001273,PRD00368,WH011,842,33,In Stock,2026-08-23
INV001274,PRD00368,WH008,494,33,In Stock,2026-05-30
INV001275,PRD00369,WH009,257,93,In Stock,2022-03-27
INV001276,PRD00369,WH004,1184,93,In Stock,2023-05-27
INV001277,PRD00369,WH003,391,93,In Stock,2025-04-28
INV001278,PRD00370,WH010,1358,160,In Stock,2022-07-10
INV001279,PRD00370,WH001,535,160,In Stock,2023-10-08
INV001280,PRD00371,WH001,472,176,In Stock,2023-09-06
INV001281,PRD00371,WH004,1488,176,In Stock,2025-11-18
INV001282,PRD00372,WH010,1469,115,In Stock,2026-02-24
INV001283,PRD00372,WH004,1242,115,In Stock,2024-07-23
INV001284,PRD00373,WH011,282,56,In Stock,2023-02-11
INV001285,PRD00373,WH006,1009,56,In Stock,2023-12-09
INV001286,PRD00374,WH004,708,30,In Stock,2026-07-21
INV001287,PRD00374,WH002,1373,30,In Stock,2024-06-08
INV001288,PRD00374,WH001,325,30,In Stock,2022-12-29
INV001289,PRD00375,WH012,1259,141,In Stock,2026-01-11
INV001290,PRD00375,WH001,1372,141,In Stock,2026-09-13
INV001291,PRD00376,WH012,50,151,Low Stock,2024-10-08
INV001292,PRD00376,WH003,523,151,In Stock,2024-08-23
INV001293,PRD00376,WH010,998,151,In Stock,2023-06-15
INV001294,PRD00377,WH011,437,61,In Stock,2023-08-31
INV001295,PRD00377,WH008,408,61,In Stock,2026-07-15
INV001296,PRD00377,WH007,1228,61,In Stock,2022-10-23
INV001297,PRD00377,WH005,612,61,In Stock,2024-03-03
INV001298,PRD00378,WH006,822,96,In Stock,2023-12-22
INV001299,PRD00378,WH010,916,96,In Stock,2025-05-18
INV001300,PRD00378,WH003,1443,96,In Stock,2024-07-06
INV001301,PRD00378,WH004,163,96,In Stock,2022-09-14
INV001302,PRD00379,WH004,1457,156,In Stock,2024-07-27
INV001303,PRD00379,WH008,598,156,In Stock,2022-04-15
INV001304,PRD00379,WH002,1232,156,In Stock,2025-09-29
INV001305,PRD00380,WH006,888,24,In Stock,2026-07-20
INV001306,PRD00380,WH009,712,24,In Stock,2022-02-28
INV001307,PRD00380,WH010,1128,24,In Stock,2023-06-03
INV001308,PRD00381,WH008,434,169,In Stock,2026-07-21
INV001309,PRD00381,WH006,1483,169,In Stock,2025-11-03
INV001310,PRD00382,WH001,123,196,Low Stock,2026-10-15
INV001311,PRD00382,WH011,378,196,In Stock,2024-04-02
INV001312,PRD00382,WH007,717,196,In Stock,2025-04-20
INV001313,PRD00383,WH005,169,187,Low Stock,2026-04-11
INV001314,PRD00383,WH008,543,187,In Stock,2022-04-17
INV001315,PRD00383,WH011,1248,187,In Stock,2025-08-04
INV001316,PRD00383,WH010,783,187,In Stock,2022-06-30
INV001317,PRD00383,WH006,1268,187,In Stock,2024-04-26
INV001318,PRD00384,WH010,701,78,In Stock,2026-08-30
INV001319,PRD00384,WH012,831,78,In Stock,2022-08-05
INV001320,PRD00384,WH004,30,78,Low Stock,2022-02-19
INV001321,PRD00385,WH007,720,154,In Stock,2023-03-23
INV001322,PRD00385,WH010,670,154,In Stock,2024-01-02
INV001323,PRD00385,WH011,91,154,Low Stock,2022-12-11
INV001324,PRD00386,WH006,37,117,Low Stock,2023-10-05
INV001325,PRD00386,WH001,767,117,In Stock,2022-10-28
INV001326,PRD00387,WH004,1415,166,In Stock,2026-05-18
INV001327,PRD00387,WH002,754,166,In Stock,2023-11-17
INV001328,PRD00387,WH006,957,166,In Stock,2025-05-12
INV001329,PRD00388,WH007,121,132,Low Stock,2026-11-05
INV001330,PRD00388,WH004,1045,132,In Stock,2022-08-07
INV001331,PRD00388,WH003,11,132,Low Stock,2022-07-30
INV001332,PRD00388,WH008,1058,132,In Stock,2025-11-15
INV001333,PRD00389,WH004,119,72,In Stock,2025-07-16
INV001334,PRD00389,WH002,584,72,In Stock,2024-05-25
INV001335,PRD00389,WH012,613,72,In Stock,2024-07-04
INV001336,PRD00389,WH010,77,72,In Stock,2025-06-06
INV001337,PRD00390,WH011,77,140,Low Stock,2023-02-24
INV001338,PRD00390,WH012,1180,140,In Stock,2026-12-24
INV001339,PRD00390,WH004,1092,140,In Stock,2025-08-11
INV001340,PRD00391,WH008,266,200,In Stock,2025-04-10
INV001341,PRD00391,WH002,864,200,In Stock,2024-09-19
INV001342,PRD00391,WH007,991,200,In Stock,2025-01-08
INV001343,PRD00392,WH003,409,189,In Stock,2026-04-08
INV001344,PRD00392,WH012,1338,189,In Stock,2023-04-13
INV001345,PRD00392,WH006,231,189,In Stock,2026-07-12
INV001346,PRD00392,WH008,1230,189,In Stock,2026-04-19
INV001347,PRD00393,WH007,734,137,In Stock,2024-08-20
INV001348,PRD00393,WH009,196,137,In Stock,2023-04-12
INV001349,PRD00393,WH012,765,137,In Stock,2026-08-09
INV001350,PRD00393,WH006,884,137,In Stock,2024-07-18
INV001351,PRD00394,WH003,477,193,In Stock,2022-03-21
INV001352,PRD00394,WH004,310,193,In Stock,2023-04-20
INV001353,PRD00394,WH005,1465,193,In Stock,2025-11-22
INV001354,PRD00395,WH004,402,197,In Stock,2025-11-21
INV001355,PRD00395,WH010,292,197,In Stock,2026-12-13
INV001356,PRD00395,WH012,276,197,In Stock,2026-07-24
INV001357,PRD00395,WH006,1489,197,In Stock,2025-04-11
INV001358,PRD00395,WH002,1200,197,In Stock,2025-05-15
INV001359,PRD00396,WH007,717,91,In Stock,2026-07-12
INV001360,PRD00396,WH012,1431,91,In Stock,2024-09-02
INV001361,PRD00396,WH006,942,91,In Stock,2024-12-29
INV001362,PRD00397,WH012,81,93,Low Stock,2026-07-03
INV001363,PRD00397,WH007,544,93,In Stock,2023-06-04
INV001364,PRD00398,WH008,862,101,In Stock,2023-09-04
INV001365,PRD00398,WH002,817,101,In Stock,2026-09-01
INV001366,PRD00399,WH012,144,90,In Stock,2023-07-16
INV001367,PRD00399,WH004,736,90,In Stock,2022-01-09
INV001368,PRD00400,WH009,1191,117,In Stock,2025-08-14
INV001369,PRD00400,WH004,1330,117,In Stock,2023-04-24
INV001370,PRD00400,WH010,403,117,In Stock,2024-11-27
INV001371,PRD00401,WH006,380,57,In Stock,2024-08-26
INV001372,PRD00401,WH007,823,57,In Stock,2023-01-17
INV001373,PRD00401,WH004,765,57,In Stock,2026-05-12
INV001374,PRD00401,WH003,876,57,In Stock,2026-11-06
INV001375,PRD00402,WH006,1127,40,In Stock,2022-11-15
INV001376,PRD00402,WH010,1110,40,In Stock,2022-04-27
INV001377,PRD00403,WH012,517,142,In Stock,2026-12-30
INV001378,PRD00403,WH009,1218,142,In Stock,2024-07-26
INV001379,PRD00403,WH004,300,142,In Stock,2024-03-14
INV001380,PRD00404,WH007,1295,163,In Stock,2025-04-02
INV001381,PRD00404,WH009,1171,163,In Stock,2023-12-14
INV001382,PRD00404,WH010,1076,163,In Stock,2026-02-11
INV001383,PRD00404,WH001,194,163,In Stock,2024-11-01
INV001384,PRD00405,WH010,748,170,In Stock,2024-10-09
INV001385,PRD00405,WH003,687,170,In Stock,2023-11-07
INV001386,PRD00405,WH001,1481,170,In Stock,2024-04-02
INV001387,PRD00405,WH007,516,170,In Stock,2022-03-13
INV001388,PRD00405,WH012,298,170,In Stock,2026-11-28
INV001389,PRD00406,WH001,1294,155,In Stock,2024-10-13
INV001390,PRD00406,WH007,767,155,In Stock,2025-10-02
INV001391,PRD00407,WH004,947,125,In Stock,2022-06-13
INV001392,PRD00407,WH005,775,125,In Stock,2023-07-14
INV001393,PRD00407,WH007,1305,125,In Stock,2026-10-24
INV001394,PRD00407,WH012,9,125,Low Stock,2025-10-27
INV001395,PRD00408,WH004,1121,55,In Stock,2023-12-20
INV001396,PRD00408,WH011,743,55,In Stock,2023-10-11
INV001397,PRD00408,WH002,1435,55,In Stock,2025-11-08
INV001398,PRD00409,WH012,407,60,In Stock,2026-09-14
INV001399,PRD00409,WH001,1293,60,In Stock,2024-08-04
INV001400,PRD00409,WH006,81,60,In Stock,2025-04-27
INV001401,PRD00409,WH010,588,60,In Stock,2025-05-24
INV001402,PRD00409,WH011,1034,60,In Stock,2023-07-21
INV001403,PRD00410,WH001,780,141,In Stock,2023-06-13
INV001404,PRD00410,WH009,1393,141,In Stock,2022-09-05
INV001405,PRD00410,WH006,84,141,Low Stock,2026-04-27
INV001406,PRD00410,WH004,30,141,Low Stock,2026-09-30
INV001407,PRD00411,WH011,226,102,In Stock,2025-07-27
INV001408,PRD00411,WH008,286,102,In Stock,2025-04-22
INV001409,PRD00411,WH009,1046,102,In Stock,2023-04-04
INV001410,PRD00412,WH007,21,42,Low Stock,2023-10-29
INV001411,PRD00412,WH010,566,42,In Stock,2025-01-22
INV001412,PRD00412,WH011,86,42,In Stock,2022-08-10
INV001413,PRD00412,WH008,1291,42,In Stock,2026-11-26
INV001414,PRD00412,WH003,835,42,In Stock,2023-09-13
INV001415,PRD00413,WH006,1042,29,In Stock,2023-11-12
INV001416,PRD00413,WH012,1077,29,In Stock,2026-04-22
INV001417,PRD00413,WH010,1289,29,In Stock,2026-12-15
INV001418,PRD00413,WH003,113,29,In Stock,2025-04-18
INV001419,PRD00414,WH007,1273,65,In Stock,2026-03-07
INV001420,PRD00414,WH012,1332,65,In Stock,2025-01-05
INV001421,PRD00414,WH003,90,65,In Stock,2023-06-02
INV001422,PRD00414,WH005,1206,65,In Stock,2022-10-23
INV001423,PRD00414,WH001,70,65,In Stock,2025-01-13
INV001424,PRD00415,WH010,596,121,In Stock,2025-11-07
INV001425,PRD00415,WH005,585,121,In Stock,2024-08-12
INV001426,PRD00415,WH007,60,121,Low Stock,2023-12-26
INV001427,PRD00415,WH003,385,121,In Stock,2026-08-06
INV001428,PRD00416,WH002,1061,94,In Stock,2026-02-21
INV001429,PRD00416,WH004,857,94,In Stock,2022-02-16
INV001430,PRD00416,WH005,434,94,In Stock,2022-02-15
INV001431,PRD00416,WH012,629,94,In Stock,2024-01-12
INV001432,PRD00417,WH005,515,174,In Stock,2024-05-27
INV001433,PRD00417,WH011,525,174,In Stock,2022-02-10
INV001434,PRD00417,WH008,911,174,In Stock,2026-05-21
INV001435,PRD00417,WH006,1096,174,In Stock,2023-06-22
INV001436,PRD00417,WH004,456,174,In Stock,2025-07-22
INV001437,PRD00418,WH006,578,136,In Stock,2022-12-18
INV001438,PRD00418,WH011,997,136,In Stock,2024-12-21
INV001439,PRD00418,WH001,1292,136,In Stock,2026-06-23
INV001440,PRD00418,WH004,1144,136,In Stock,2023-09-08
INV001441,PRD00419,WH003,980,54,In Stock,2023-07-16
INV001442,PRD00419,WH008,252,54,In Stock,2026-04-02
INV001443,PRD00419,WH004,815,54,In Stock,2023-12-31
INV001444,PRD00419,WH009,481,54,In Stock,2024-06-25
INV001445,PRD00420,WH002,966,48,In Stock,2022-03-29
INV001446,PRD00420,WH008,886,48,In Stock,2025-07-15
INV001447,PRD00420,WH012,1106,48,In Stock,2024-10-06
INV001448,PRD00420,WH009,242,48,In Stock,2024-12-18
INV001449,PRD00420,WH003,1274,48,In Stock,2024-03-19
INV001450,PRD00421,WH011,1240,85,In Stock,2022-10-31
INV001451,PRD00421,WH005,1230,85,In Stock,2024-04-08
INV001452,PRD00422,WH007,1149,95,In Stock,2023-11-30
INV001453,PRD00422,WH012,653,95,In Stock,2024-09-01
INV001454,PRD00422,WH002,603,95,In Stock,2024-04-30
INV001455,PRD00422,WH006,172,95,In Stock,2025-06-18
INV001456,PRD00422,WH010,1301,95,In Stock,2024-10-15
INV001457,PRD00423,WH009,314,176,In Stock,2023-11-20
INV001458,PRD00423,WH002,1340,176,In Stock,2026-02-14
INV001459,PRD00423,WH007,658,176,In Stock,2024-06-03
INV001460,PRD00424,WH010,1040,129,In Stock,2026-12-31
INV001461,PRD00424,WH006,1083,129,In Stock,2025-09-03
INV001462,PRD00424,WH011,684,129,In Stock,2022-02-03
INV001463,PRD00424,WH008,1316,129,In Stock,2025-01-17
INV001464,PRD00425,WH012,151,44,In Stock,2022-12-23
INV001465,PRD00425,WH005,711,44,In Stock,2024-01-08
INV001466,PRD00426,WH005,133,83,In Stock,2025-07-19
INV001467,PRD00426,WH007,1130,83,In Stock,2023-04-21
INV001468,PRD00426,WH009,672,83,In Stock,2022-10-03
INV001469,PRD00426,WH012,713,83,In Stock,2023-05-30
INV001470,PRD00426,WH002,234,83,In Stock,2024-10-22
INV001471,PRD00427,WH001,1080,88,In Stock,2026-10-10
INV001472,PRD00427,WH005,536,88,In Stock,2023-10-19
INV001473,PRD00428,WH007,55,166,Low Stock,2023-04-25
INV001474,PRD00428,WH011,1252,166,In Stock,2026-09-21
INV001475,PRD00428,WH010,956,166,In Stock,2025-08-03
INV001476,PRD00428,WH001,1266,166,In Stock,2024-02-23
INV001477,PRD00429,WH009,721,80,In Stock,2022-11-05
INV001478,PRD00429,WH001,1169,80,In Stock,2025-03-12
INV001479,PRD00429,WH002,1337,80,In Stock,2026-02-21
INV001480,PRD00429,WH010,350,80,In Stock,2024-10-27
INV001481,PRD00429,WH011,614,80,In Stock,2026-10-27
INV001482,PRD00430,WH005,384,60,In Stock,2023-06-14
INV001483,PRD00430,WH006,1320,60,In Stock,2025-05-12
INV001484,PRD00431,WH008,513,200,In Stock,2025-05-29
INV001485,PRD00431,WH005,282,200,In Stock,2024-04-21
INV001486,PRD00431,WH006,441,200,In Stock,2024-10-17
INV001487,PRD00432,WH009,1012,95,In Stock,2025-05-01
INV001488,PRD00432,WH012,804,95,In Stock,2025-06-19
INV001489,PRD00433,WH009,100,142,Low Stock,2025-09-25
INV001490,PRD00433,WH001,1234,142,In Stock,2026-01-25
INV001491,PRD00433,WH007,1187,142,In Stock,2022-06-11
INV001492,PRD00433,WH011,1212,142,In Stock,2025-11-26
INV001493,PRD00434,WH003,20,115,Low Stock,2025-11-21
INV001494,PRD00434,WH009,616,115,In Stock,2023-08-08
INV001495,PRD00435,WH003,790,157,In Stock,2025-09-15
INV001496,PRD00435,WH002,586,157,In Stock,2024-03-29
INV001497,PRD00435,WH009,865,157,In Stock,2023-07-19
INV001498,PRD00436,WH001,77,83,Low Stock,2023-05-10
INV001499,PRD00436,WH004,253,83,In Stock,2023-03-05
INV001500,PRD00436,WH009,902,83,In Stock,2025-06-05
INV001501,PRD00436,WH002,531,83,In Stock,2023-02-25
INV001502,PRD00436,WH005,752,83,In Stock,2022-07-30
INV001503,PRD00437,WH002,322,40,In Stock,2022-05-18
INV001504,PRD00437,WH001,552,40,In Stock,2023-01-01
INV001505,PRD00437,WH012,1196,40,In Stock,2024-02-12
INV001506,PRD00437,WH010,121,40,In Stock,2025-11-02
INV001507,PRD00438,WH001,680,39,In Stock,2025-07-01
INV001508,PRD00438,WH003,805,39,In Stock,2022-06-07
INV001509,PRD00438,WH008,920,39,In Stock,2026-04-30
INV001510,PRD00438,WH010,705,39,In Stock,2026-04-14
INV001511,PRD00438,WH006,1399,39,In Stock,2023-08-28
INV001512,PRD00439,WH001,38,160,Low Stock,2022-02-02
INV001513,PRD00439,WH003,489,160,In Stock,2024-01-12
INV001514,PRD00439,WH009,1470,160,In Stock,2026-06-26
INV001515,PRD00439,WH012,330,160,In Stock,2026-09-11
INV001516,PRD00440,WH003,1047,58,In Stock,2026-08-27
INV001517,PRD00440,WH005,925,58,In Stock,2025-10-02
INV001518,PRD00441,WH008,990,49,In Stock,2023-10-07
INV001519,PRD00441,WH010,215,49,In Stock,2026-03-02
INV001520,PRD00441,WH004,355,49,In Stock,2023-02-25
INV001521,PRD00441,WH006,825,49,In Stock,2022-02-16
INV001522,PRD00441,WH002,294,49,In Stock,2023-01-07
INV001523,PRD00442,WH007,223,43,In Stock,2024-03-17
INV001524,PRD00442,WH004,874,43,In Stock,2022-04-22
INV001525,PRD00442,WH005,1477,43,In Stock,2026-05-18
INV001526,PRD00442,WH010,1064,43,In Stock,2025-05-26
INV001527,PRD00443,WH012,22,136,Low Stock,2025-06-21
INV001528,PRD00443,WH011,840,136,In Stock,2026-04-25
INV001529,PRD00443,WH002,1470,136,In Stock,2024-06-09
INV001530,PRD00443,WH004,1000,136,In Stock,2024-07-24
INV001531,PRD00444,WH005,1223,34,In Stock,2022-02-07
INV001532,PRD00444,WH009,1375,34,In Stock,2024-06-09
INV001533,PRD00444,WH012,1240,34,In Stock,2024-01-03
INV001534,PRD00444,WH008,548,34,In Stock,2024-12-23
INV001535,PRD00445,WH008,1287,25,In Stock,2022-11-18
INV001536,PRD00445,WH010,267,25,In Stock,2022-11-23
INV001537,PRD00445,WH011,1137,25,In Stock,2024-05-25
INV001538,PRD00445,WH003,1360,25,In Stock,2023-08-26
INV001539,PRD00445,WH009,1086,25,In Stock,2023-02-07
INV001540,PRD00446,WH002,985,75,In Stock,2022-07-10
INV001541,PRD00446,WH003,201,75,In Stock,2024-11-06
INV001542,PRD00446,WH001,698,75,In Stock,2026-08-20
INV001543,PRD00447,WH002,1398,199,In Stock,2025-11-10
INV001544,PRD00447,WH004,977,199,In Stock,2023-01-08
INV001545,PRD00447,WH010,180,199,Low Stock,2026-11-17
INV001546,PRD00447,WH012,972,199,In Stock,2024-12-14
INV001547,PRD00448,WH006,173,37,In Stock,2026-03-03
INV001548,PRD00448,WH012,582,37,In Stock,2026-05-08
INV001549,PRD00448,WH010,1045,37,In Stock,2022-12-30
INV001550,PRD00449,WH009,30,124,Low Stock,2022-06-12
INV001551,PRD00449,WH006,15,124,Low Stock,2023-12-30
INV001552,PRD00449,WH003,1269,124,In Stock,2023-10-01
INV001553,PRD00449,WH012,1424,124,In Stock,2022-03-26
INV001554,PRD00450,WH001,837,185,In Stock,2022-06-23
INV001555,PRD00450,WH005,1409,185,In Stock,2022-01-11
INV001556,PRD00450,WH003,1045,185,In Stock,2022-05-19
INV001557,PRD00450,WH002,1417,185,In Stock,2024-08-24
INV001558,PRD00451,WH001,1129,117,In Stock,2024-03-31
INV001559,PRD00451,WH006,584,117,In Stock,2026-11-10
INV001560,PRD00451,WH009,828,117,In Stock,2022-10-03
INV001561,PRD00452,WH010,814,116,In Stock,2025-11-08
INV001562,PRD00452,WH003,1190,116,In Stock,2022-06-08
INV001563,PRD00452,WH002,1150,116,In Stock,2024-06-09
INV001564,PRD00452,WH012,1373,116,In Stock,2022-03-31
INV001565,PRD00453,WH007,1430,158,In Stock,2023-11-12
INV001566,PRD00453,WH004,1414,158,In Stock,2023-09-29
INV001567,PRD00453,WH001,1008,158,In Stock,2023-06-29
INV001568,PRD00453,WH006,981,158,In Stock,2024-05-22
INV001569,PRD00454,WH001,1412,65,In Stock,2023-07-22
INV001570,PRD00454,WH006,1401,65,In Stock,2026-04-09
INV001571,PRD00454,WH002,1186,65,In Stock,2023-03-03
INV001572,PRD00454,WH004,814,65,In Stock,2026-04-13
INV001573,PRD00455,WH011,530,77,In Stock,2025-09-05
INV001574,PRD00455,WH006,42,77,Low Stock,2022-11-09
INV001575,PRD00455,WH005,395,77,In Stock,2026-05-20
INV001576,PRD00456,WH007,3,138,Low Stock,2025-02-10
INV001577,PRD00456,WH011,931,138,In Stock,2024-09-07
INV001578,PRD00457,WH012,782,117,In Stock,2022-08-17
INV001579,PRD00457,WH004,504,117,In Stock,2024-05-29
INV001580,PRD00457,WH005,390,117,In Stock,2025-06-25
INV001581,PRD00457,WH010,370,117,In Stock,2023-04-08
INV001582,PRD00458,WH006,278,59,In Stock,2023-03-09
INV001583,PRD00458,WH011,1444,59,In Stock,2025-10-06
INV001584,PRD00458,WH008,1389,59,In Stock,2024-08-08
INV001585,PRD00458,WH001,126,59,In Stock,2025-10-25
INV001586,PRD00459,WH012,441,48,In Stock,2022-05-01
INV001587,PRD00459,WH009,650,48,In Stock,2023-08-20
INV001588,PRD00459,WH001,1253,48,In Stock,2024-04-11
INV001589,PRD00460,WH012,135,24,In Stock,2022-02-21
INV001590,PRD00460,WH002,193,24,In Stock,2025-05-07
INV001591,PRD00460,WH006,728,24,In Stock,2026-02-05
INV001592,PRD00460,WH005,331,24,In Stock,2025-10-07
INV001593,PRD00461,WH012,1383,28,In Stock,2023-09-13
INV001594,PRD00461,WH005,788,28,In Stock,2025-07-07
INV001595,PRD00461,WH010,608,28,In Stock,2022-06-04
INV001596,PRD00462,WH008,897,32,In Stock,2025-12-19
INV001597,PRD00462,WH011,1078,32,In Stock,2026-01-31
INV001598,PRD00462,WH010,1145,32,In Stock,2026-02-10
INV001599,PRD00462,WH002,92,32,In Stock,2023-12-03
INV001600,PRD00462,WH001,331,32,In Stock,2024-02-07
INV001601,PRD00463,WH006,1029,79,In Stock,2022-05-12
INV001602,PRD00463,WH010,421,79,In Stock,2026-09-03
INV001603,PRD00463,WH007,1462,79,In Stock,2026-02-21
INV001604,PRD00464,WH008,531,34,In Stock,2023-09-22
INV001605,PRD00464,WH007,1126,34,In Stock,2026-06-10
INV001606,PRD00464,WH012,833,34,In Stock,2022-12-01
INV001607,PRD00464,WH010,1118,34,In Stock,2025-10-26
INV001608,PRD00464,WH011,1118,34,In Stock,2025-01-13
INV001609,PRD00465,WH008,709,167,In Stock,2026-03-15
INV001610,PRD00465,WH010,1292,167,In Stock,2024-10-28
INV001611,PRD00466,WH003,310,102,In Stock,2025-12-31
INV001612,PRD00466,WH004,475,102,In Stock,2023-05-12
INV001613,PRD00466,WH008,387,102,In Stock,2025-06-08
INV001614,PRD00466,WH006,1357,102,In Stock,2025-11-03
INV001615,PRD00467,WH005,354,153,In Stock,2024-10-16
INV001616,PRD00467,WH006,638,153,In Stock,2025-03-22
INV001617,PRD00467,WH004,800,153,In Stock,2023-06-03
INV001618,PRD00467,WH001,560,153,In Stock,2026-02-12
INV001619,PRD00468,WH006,1261,162,In Stock,2025-04-06
INV001620,PRD00468,WH001,1145,162,In Stock,2025-04-16
INV001621,PRD00469,WH007,324,64,In Stock,2026-08-24
INV001622,PRD00469,WH008,811,64,In Stock,2023-01-26
INV001623,PRD00469,WH012,391,64,In Stock,2022-08-18
INV001624,PRD00470,WH003,1250,32,In Stock,2026-01-02
INV001625,PRD00470,WH005,136,32,In Stock,2024-12-30
INV001626,PRD00471,WH004,617,117,In Stock,2024-12-11
INV001627,PRD00471,WH008,1458,117,In Stock,2022-09-22
INV001628,PRD00471,WH012,456,117,In Stock,2023-10-26
INV001629,PRD00471,WH009,290,117,In Stock,2026-10-10
INV001630,PRD00471,WH006,773,117,In Stock,2022-07-06
INV001631,PRD00472,WH006,1223,124,In Stock,2025-04-02
INV001632,PRD00472,WH012,453,124,In Stock,2023-01-08
INV001633,PRD00472,WH004,847,124,In Stock,2025-03-16
INV001634,PRD00473,WH008,682,157,In Stock,2022-11-05
INV001635,PRD00473,WH005,968,157,In Stock,2023-05-01
INV001636,PRD00473,WH004,1493,157,In Stock,2025-08-01
INV001637,PRD00474,WH004,1036,56,In Stock,2024-09-01
INV001638,PRD00474,WH001,893,56,In Stock,2026-03-15
INV001639,PRD00475,WH012,847,125,In Stock,2024-04-27
INV001640,PRD00475,WH011,566,125,In Stock,2023-08-25
INV001641,PRD00475,WH001,901,125,In Stock,2024-06-27
INV001642,PRD00475,WH010,923,125,In Stock,2022-01-02
INV001643,PRD00476,WH005,250,119,In Stock,2025-03-21
INV001644,PRD00476,WH008,1360,119,In Stock,2023-12-20
INV001645,PRD00476,WH009,1470,119,In Stock,2024-06-14
INV001646,PRD00476,WH002,550,119,In Stock,2026-02-25
INV001647,PRD00476,WH007,213,119,In Stock,2023-07-04
INV001648,PRD00477,WH001,1161,40,In Stock,2025-01-28
INV001649,PRD00477,WH002,214,40,In Stock,2023-04-20
INV001650,PRD00477,WH008,1116,40,In Stock,2024-04-18
INV001651,PRD00477,WH012,311,40,In Stock,2026-09-15
INV001652,PRD00478,WH012,1128,157,In Stock,2025-01-10
INV001653,PRD00478,WH011,185,157,In Stock,2023-06-25
INV001654,PRD00478,WH005,13,157,Low Stock,2023-02-07
INV001655,PRD00478,WH009,486,157,In Stock,2026-08-10
INV001656,PRD00478,WH008,307,157,In Stock,2024-11-02
INV001657,PRD00479,WH012,324,116,In Stock,2023-04-05
INV001658,PRD00479,WH007,1053,116,In Stock,2025-07-25
INV001659,PRD00479,WH001,942,116,In Stock,2022-12-20
INV001660,PRD00479,WH003,583,116,In Stock,2023-02-17
INV001661,PRD00479,WH009,619,116,In Stock,2026-04-11
INV001662,PRD00480,WH003,375,38,In Stock,2025-11-28
INV001663,PRD00480,WH006,263,38,In Stock,2022-11-13
INV001664,PRD00480,WH001,1173,38,In Stock,2026-07-22
INV001665,PRD00481,WH010,149,191,Low Stock,2022-08-13
INV001666,PRD00481,WH005,1309,191,In Stock,2024-10-06
INV001667,PRD00481,WH009,1371,191,In Stock,2026-12-15
INV001668,PRD00482,WH007,351,105,In Stock,2025-06-01
INV001669,PRD00482,WH005,402,105,In Stock,2022-08-25
INV001670,PRD00482,WH001,1226,105,In Stock,2022-05-27
INV001671,PRD00482,WH010,271,105,In Stock,2025-04-20
INV001672,PRD00483,WH001,847,68,In Stock,2025-09-09
INV001673,PRD00483,WH012,580,68,In Stock,2025-12-24
INV001674,PRD00484,WH002,865,142,In Stock,2026-04-02
INV001675,PRD00484,WH006,181,142,In Stock,2024-09-07
INV001676,PRD00484,WH003,218,142,In Stock,2023-10-22
INV001677,PRD00484,WH005,123,142,Low Stock,2025-07-16
INV001678,PRD00485,WH007,217,72,In Stock,2022-06-07
INV001679,PRD00485,WH001,1152,72,In Stock,2023-10-07
INV001680,PRD00485,WH010,1122,72,In Stock,2023-10-21
INV001681,PRD00485,WH006,375,72,In Stock,2026-02-15
INV001682,PRD00486,WH003,428,92,In Stock,2025-02-06
INV001683,PRD00486,WH009,137,92,In Stock,2023-03-25
INV001684,PRD00486,WH002,159,92,In Stock,2025-12-12
INV001685,PRD00486,WH010,1115,92,In Stock,2025-10-19
INV001686,PRD00487,WH007,1179,98,In Stock,2022-02-15
INV001687,PRD00487,WH008,685,98,In Stock,2025-07-28
INV001688,PRD00487,WH006,642,98,In Stock,2024-09-12
INV001689,PRD00487,WH004,492,98,In Stock,2023-03-16
INV001690,PRD00488,WH009,1494,139,In Stock,2022-08-12
INV001691,PRD00488,WH003,543,139,In Stock,2024-12-17
INV001692,PRD00488,WH002,734,139,In Stock,2022-04-23
INV001693,PRD00489,WH010,1005,101,In Stock,2024-12-22
INV001694,PRD00489,WH008,674,101,In Stock,2023-11-02
INV001695,PRD00489,WH002,1491,101,In Stock,2024-03-31
INV001696,PRD00489,WH005,171,101,In Stock,2022-07-30
INV001697,PRD00489,WH003,214,101,In Stock,2023-06-16
INV001698,PRD00490,WH001,1072,31,In Stock,2025-07-21
INV001699,PRD00490,WH010,1374,31,In Stock,2026-11-14
INV001700,PRD00490,WH004,1025,31,In Stock,2026-06-01
INV001701,PRD00491,WH008,14,24,Low Stock,2022-07-28
INV001702,PRD00491,WH001,971,24,In Stock,2025-05-16
INV001703,PRD00491,WH005,896,24,In Stock,2022-12-13
INV001704,PRD00491,WH012,1014,24,In Stock,2023-05-05
INV001705,PRD00491,WH007,1191,24,In Stock,2025-03-04
INV001706,PRD00492,WH001,386,126,In Stock,2025-01-06
INV001707,PRD00492,WH008,298,126,In Stock,2025-08-30
INV001708,PRD00492,WH004,671,126,In Stock,2025-10-26
INV001709,PRD00492,WH006,150,126,In Stock,2022-12-15
INV001710,PRD00493,WH008,291,117,In Stock,2025-12-27
INV001711,PRD00493,WH001,1393,117,In Stock,2022-08-30
INV001712,PRD00493,WH005,1363,117,In Stock,2023-07-06
INV001713,PRD00493,WH012,1053,117,In Stock,2022-11-10
INV001714,PRD00494,WH007,185,187,Low Stock,2022-04-30
INV001715,PRD00494,WH008,1156,187,In Stock,2025-10-11
INV001716,PRD00494,WH005,303,187,In Stock,2025-08-19
INV001717,PRD00495,WH003,724,145,In Stock,2024-02-16
INV001718,PRD00495,WH004,462,145,In Stock,2022-11-19
INV001719,PRD00495,WH009,948,145,In Stock,2023-07-16
INV001720,PRD00495,WH010,556,145,In Stock,2024-10-21
INV001721,PRD00495,WH011,514,145,In Stock,2023-08-18
INV001722,PRD00496,WH004,1282,137,In Stock,2023-01-06
INV001723,PRD00496,WH002,242,137,In Stock,2025-02-25
INV001724,PRD00496,WH007,1184,137,In Stock,2025-02-04
INV001725,PRD00497,WH012,84,55,In Stock,2024-01-26
INV001726,PRD00497,WH001,999,55,In Stock,2022-10-16
INV001727,PRD00497,WH005,982,55,In Stock,2023-11-10
INV001728,PRD00498,WH003,1282,158,In Stock,2025-08-20
INV001729,PRD00498,WH002,218,158,In Stock,2025-10-26
INV001730,PRD00499,WH006,1276,28,In Stock,2022-12-19
INV001731,PRD00499,WH005,755,28,In Stock,2025-12-30
INV001732,PRD00500,WH008,1467,191,In Stock,2024-01-15
INV001733,PRD00500,WH012,550,191,In Stock,2026-01-15
INV001734,PRD00500,WH005,946,191,In Stock,2024-09-12
INV001735,PRD00500,WH007,572,191,In Stock,2026-09-08
INV001736,PRD00500,WH001,1325,191,In Stock,2023-08-23
INV001737,PRD00501,WH010,671,181,In Stock,2022-01-02
INV001738,PRD00501,WH006,254,181,In Stock,2025-07-24
INV001739,PRD00501,WH012,821,181,In Stock,2024-07-25
INV001740,PRD00501,WH001,1255,181,In Stock,2025-01-05
INV001741,PRD00502,WH005,520,75,In Stock,2023-03-01
INV001742,PRD00502,WH012,909,75,In Stock,2024-06-22
INV001743,PRD00503,WH005,123,183,Low Stock,2025-05-10
INV001744,PRD00503,WH001,978,183,In Stock,2024-06-30
INV001745,PRD00504,WH007,116,188,Low Stock,2022-09-16
INV001746,PRD00504,WH002,1213,188,In Stock,2023-08-02
INV001747,PRD00505,WH007,1073,125,In Stock,2022-06-09
INV001748,PRD00505,WH009,1171,125,In Stock,2023-05-21
INV001749,PRD00505,WH010,916,125,In Stock,2025-10-25
INV001750,PRD00505,WH006,1200,125,In Stock,2022-04-25
INV001751,PRD00505,WH005,1405,125,In Stock,2022-06-12
INV001752,PRD00506,WH009,230,157,In Stock,2022-08-20
INV001753,PRD00506,WH001,1001,157,In Stock,2026-06-28
INV001754,PRD00506,WH006,446,157,In Stock,2026-09-21
INV001755,PRD00506,WH005,932,157,In Stock,2025-08-09
INV001756,PRD00506,WH010,360,157,In Stock,2026-03-15
INV001757,PRD00507,WH007,555,198,In Stock,2022-06-06
INV001758,PRD00507,WH002,6,198,Low Stock,2022-04-12
INV001759,PRD00507,WH012,1225,198,In Stock,2022-07-02
INV001760,PRD00507,WH009,194,198,Low Stock,2025-11-27
INV001761,PRD00507,WH001,223,198,In Stock,2022-10-29
INV001762,PRD00508,WH006,1058,65,In Stock,2025-05-27
INV001763,PRD00508,WH007,281,65,In Stock,2026-12-29
INV001764,PRD00508,WH012,1286,65,In Stock,2026-04-12
INV001765,PRD00508,WH001,665,65,In Stock,2023-07-29
INV001766,PRD00508,WH004,440,65,In Stock,2022-02-24
INV001767,PRD00509,WH003,489,81,In Stock,2023-06-17
INV001768,PRD00509,WH011,671,81,In Stock,2026-12-21
INV001769,PRD00510,WH004,277,110,In Stock,2025-04-13
INV001770,PRD00510,WH011,327,110,In Stock,2024-12-28
INV001771,PRD00511,WH007,120,123,Low Stock,2026-06-28
INV001772,PRD00511,WH012,162,123,In Stock,2025-12-04
INV001773,PRD00512,WH012,60,77,Low Stock,2022-09-15
INV001774,PRD00512,WH001,1238,77,In Stock,2023-12-29
INV001775,PRD00512,WH004,1458,77,In Stock,2025-02-27
INV001776,PRD00513,WH004,1236,187,In Stock,2022-04-02
INV001777,PRD00513,WH003,614,187,In Stock,2023-10-09
INV001778,PRD00513,WH001,740,187,In Stock,2022-12-08
INV001779,PRD00513,WH008,706,187,In Stock,2024-12-01
INV001780,PRD00514,WH003,891,43,In Stock,2025-08-31
INV001781,PRD00514,WH008,1086,43,In Stock,2026-05-21
INV001782,PRD00514,WH004,655,43,In Stock,2022-06-02
INV001783,PRD00514,WH007,25,43,Low Stock,2026-03-23
INV001784,PRD00514,WH009,281,43,In Stock,2022-07-28
INV001785,PRD00515,WH009,221,34,In Stock,2026-05-30
INV001786,PRD00515,WH001,472,34,In Stock,2025-10-19
INV001787,PRD00515,WH010,1072,34,In Stock,2024-04-28
INV001788,PRD00515,WH011,1172,34,In Stock,2022-06-20
INV001789,PRD00516,WH012,570,147,In Stock,2024-08-18
INV001790,PRD00516,WH008,1185,147,In Stock,2026-03-19
INV001791,PRD00516,WH009,411,147,In Stock,2024-06-29
INV001792,PRD00516,WH011,128,147,Low Stock,2023-04-02
INV001793,PRD00517,WH003,1202,164,In Stock,2024-07-21
INV001794,PRD00517,WH002,1460,164,In Stock,2022-12-01
INV001795,PRD00517,WH004,29,164,Low Stock,2026-09-24
INV001796,PRD00517,WH012,1216,164,In Stock,2023-03-15
INV001797,PRD00517,WH009,152,164,Low Stock,2025-08-28
INV001798,PRD00518,WH005,1050,155,In Stock,2024-09-05
INV001799,PRD00518,WH012,741,155,In Stock,2023-08-23
INV001800,PRD00518,WH002,330,155,In Stock,2026-09-25
INV001801,PRD00518,WH009,946,155,In Stock,2023-11-06
INV001802,PRD00518,WH008,529,155,In Stock,2022-02-26
INV001803,PRD00519,WH005,531,197,In Stock,2026-07-06
INV001804,PRD00519,WH012,1149,197,In Stock,2023-10-08
INV001805,PRD00519,WH009,406,197,In Stock,2023-06-12
INV001806,PRD00519,WH003,1329,197,In Stock,2022-03-28
INV001807,PRD00519,WH007,640,197,In Stock,2024-04-13
INV001808,PRD00520,WH011,1348,39,In Stock,2023-05-17
INV001809,PRD00520,WH001,908,39,In Stock,2022-05-31
INV001810,PRD00520,WH012,96,39,In Stock,2026-03-08
INV001811,PRD00520,WH005,1455,39,In Stock,2023-04-23
INV001812,PRD00521,WH009,1041,164,In Stock,2025-09-06
INV001813,PRD00521,WH007,1105,164,In Stock,2026-12-22
INV001814,PRD00522,WH009,577,100,In Stock,2025-12-07
INV001815,PRD00522,WH011,117,100,In Stock,2023-07-09
INV001816,PRD00522,WH010,879,100,In Stock,2025-11-08
INV001817,PRD00522,WH012,776,100,In Stock,2026-06-24
INV001818,PRD00523,WH004,1217,121,In Stock,2025-05-18
INV001819,PRD00523,WH002,0,121,Out of Stock,2026-08-07
INV001820,PRD00524,WH006,844,81,In Stock,2022-07-11
INV001821,PRD00524,WH001,1384,81,In Stock,2025-02-10
INV001822,PRD00525,WH007,469,158,In Stock,2025-01-11
INV001823,PRD00525,WH008,1429,158,In Stock,2024-06-24
INV001824,PRD00525,WH009,525,158,In Stock,2023-11-10
INV001825,PRD00526,WH008,1371,196,In Stock,2024-01-02
INV001826,PRD00526,WH002,515,196,In Stock,2022-03-23
INV001827,PRD00526,WH010,1250,196,In Stock,2022-11-29
INV001828,PRD00526,WH004,248,196,In Stock,2026-10-28
INV001829,PRD00527,WH012,653,33,In Stock,2024-01-06
INV001830,PRD00527,WH009,436,33,In Stock,2025-05-14
INV001831,PRD00527,WH011,809,33,In Stock,2025-06-15
INV001832,PRD00527,WH003,200,33,In Stock,2024-12-12
INV001833,PRD00527,WH008,926,33,In Stock,2025-12-12
INV001834,PRD00528,WH010,1151,107,In Stock,2022-12-08
INV001835,PRD00528,WH004,1119,107,In Stock,2025-03-01
INV001836,PRD00528,WH005,1001,107,In Stock,2022-12-02
INV001837,PRD00528,WH003,792,107,In Stock,2025-04-04
INV001838,PRD00529,WH010,1140,121,In Stock,2026-08-14
INV001839,PRD00529,WH011,224,121,In Stock,2022-04-22
INV001840,PRD00530,WH010,875,89,In Stock,2024-10-24
INV001841,PRD00530,WH011,1148,89,In Stock,2022-11-23
INV001842,PRD00530,WH007,1153,89,In Stock,2024-06-12
INV001843,PRD00530,WH005,601,89,In Stock,2025-11-01
INV001844,PRD00531,WH004,795,111,In Stock,2023-03-25
INV001845,PRD00531,WH002,1029,111,In Stock,2024-10-31
INV001846,PRD00532,WH001,9,194,Low Stock,2022-02-25
INV001847,PRD00532,WH003,936,194,In Stock,2022-03-05
INV001848,PRD00532,WH012,275,194,In Stock,2024-05-15
INV001849,PRD00533,WH012,1181,178,In Stock,2022-12-10
INV001850,PRD00533,WH006,872,178,In Stock,2026-12-28
INV001851,PRD00533,WH008,1188,178,In Stock,2023-09-04
INV001852,PRD00533,WH010,1150,178,In Stock,2022-10-19
INV001853,PRD00533,WH009,829,178,In Stock,2022-12-02
INV001854,PRD00534,WH012,555,41,In Stock,2026-06-16
INV001855,PRD00534,WH010,326,41,In Stock,2024-07-21
INV001856,PRD00534,WH011,1138,41,In Stock,2024-02-23
INV001857,PRD00534,WH009,344,41,In Stock,2026-12-07
INV001858,PRD00535,WH012,1350,182,In Stock,2025-02-25
INV001859,PRD00535,WH001,391,182,In Stock,2026-11-18
INV001860,PRD00535,WH007,1332,182,In Stock,2022-07-28
INV001861,PRD00535,WH005,465,182,In Stock,2025-10-16
INV001862,PRD00536,WH012,1450,47,In Stock,2025-04-23
INV001863,PRD00536,WH005,591,47,In Stock,2022-03-08
INV001864,PRD00536,WH009,121,47,In Stock,2025-07-24
INV001865,PRD00536,WH008,1083,47,In Stock,2026-04-26
INV001866,PRD00537,WH008,927,112,In Stock,2026-03-06
INV001867,PRD00537,WH005,1459,112,In Stock,2022-08-18
INV001868,PRD00537,WH010,949,112,In Stock,2025-04-04
INV001869,PRD00538,WH005,1067,67,In Stock,2026-08-18
INV001870,PRD00538,WH002,115,67,In Stock,2024-11-17
INV001871,PRD00538,WH006,1001,67,In Stock,2026-04-16
INV001872,PRD00539,WH004,338,124,In Stock,2025-08-13
INV001873,PRD00539,WH009,1295,124,In Stock,2025-07-31
INV001874,PRD00539,WH011,737,124,In Stock,2024-10-21
INV001875,PRD00539,WH002,927,124,In Stock,2023-02-18
INV001876,PRD00540,WH002,806,43,In Stock,2024-09-10
INV001877,PRD00540,WH001,454,43,In Stock,2022-05-27
INV001878,PRD00540,WH008,180,43,In Stock,2025-12-22
INV001879,PRD00540,WH012,1246,43,In Stock,2024-08-03
INV001880,PRD00541,WH002,922,118,In Stock,2024-12-27
INV001881,PRD00541,WH010,534,118,In Stock,2026-07-31
INV001882,PRD00541,WH009,1410,118,In Stock,2022-07-24
INV001883,PRD00541,WH007,1149,118,In Stock,2024-12-28
INV001884,PRD00542,WH006,262,41,In Stock,2026-02-16
INV001885,PRD00542,WH011,1159,41,In Stock,2023-05-15
INV001886,PRD00542,WH008,1377,41,In Stock,2026-06-06
INV001887,PRD00542,WH009,346,41,In Stock,2023-08-15
INV001888,PRD00543,WH005,1096,166,In Stock,2024-06-09
INV001889,PRD00543,WH007,7,166,Low Stock,2025-07-31
INV001890,PRD00543,WH001,1199,166,In Stock,2024-05-30
INV001891,PRD00543,WH010,631,166,In Stock,2022-01-16
INV001892,PRD00543,WH004,861,166,In Stock,2023-08-24
INV001893,PRD00544,WH001,1498,55,In Stock,2025-06-17
INV001894,PRD00544,WH006,421,55,In Stock,2025-01-02
INV001895,PRD00545,WH007,201,36,In Stock,2026-02-22
INV001896,PRD00545,WH004,719,36,In Stock,2025-05-20
INV001897,PRD00545,WH005,1054,36,In Stock,2023-09-19
INV001898,PRD00546,WH005,1313,143,In Stock,2026-08-30
INV001899,PRD00546,WH003,607,143,In Stock,2024-04-08
INV001900,PRD00547,WH006,986,180,In Stock,2026-03-11
INV001901,PRD00547,WH003,167,180,Low Stock,2024-03-31
INV001902,PRD00547,WH011,401,180,In Stock,2023-11-28
INV001903,PRD00547,WH001,1115,180,In Stock,2023-12-19
INV001904,PRD00548,WH007,554,47,In Stock,2023-02-21
INV001905,PRD00548,WH011,936,47,In Stock,2026-12-19
INV001906,PRD00548,WH009,291,47,In Stock,2024-09-26
INV001907,PRD00548,WH008,697,47,In Stock,2023-08-23
INV001908,PRD00548,WH005,982,47,In Stock,2026-10-24
INV001909,PRD00549,WH005,558,105,In Stock,2023-04-25
INV001910,PRD00549,WH011,1380,105,In Stock,2024-06-21
INV001911,PRD00550,WH004,580,104,In Stock,2024-09-14
INV001912,PRD00550,WH010,1379,104,In Stock,2025-08-05
INV001913,PRD00551,WH004,516,186,In Stock,2022-02-10
INV001914,PRD00551,WH003,1489,186,In Stock,2022-06-02
INV001915,PRD00551,WH010,602,186,In Stock,2022-03-15
INV001916,PRD00552,WH011,545,174,In Stock,2022-02-17
INV001917,PRD00552,WH010,29,174,Low Stock,2025-07-26
INV001918,PRD00552,WH002,375,174,In Stock,2026-11-11
INV001919,PRD00552,WH012,887,174,In Stock,2022-05-29
INV001920,PRD00552,WH004,736,174,In Stock,2025-03-03
INV001921,PRD00553,WH010,783,65,In Stock,2024-09-20
INV001922,PRD00553,WH005,1467,65,In Stock,2022-12-14
INV001923,PRD00554,WH004,1402,197,In Stock,2023-05-18
INV001924,PRD00554,WH006,1390,197,In Stock,2023-04-22
INV001925,PRD00555,WH012,782,82,In Stock,2025-01-26
INV001926,PRD00555,WH003,1213,82,In Stock,2026-11-06
INV001927,PRD00555,WH004,0,82,Out of Stock,2022-05-15
INV001928,PRD00556,WH008,994,120,In Stock,2026-07-05
INV001929,PRD00556,WH001,802,120,In Stock,2022-08-15
INV001930,PRD00556,WH007,26,120,Low Stock,2026-08-05
INV001931,PRD00556,WH002,626,120,In Stock,2023-11-01
INV001932,PRD00557,WH008,1423,171,In Stock,2023-08-08
INV001933,PRD00557,WH012,375,171,In Stock,2022-06-17
INV001934,PRD00557,WH007,1426,171,In Stock,2022-06-19
INV001935,PRD00557,WH010,1024,171,In Stock,2025-02-13
INV001936,PRD00558,WH004,364,160,In Stock,2026-09-19
INV001937,PRD00558,WH001,621,160,In Stock,2024-05-12
INV001938,PRD00558,WH009,1028,160,In Stock,2022-12-13
INV001939,PRD00559,WH009,954,73,In Stock,2024-02-09
INV001940,PRD00559,WH008,1349,73,In Stock,2022-04-10
INV001941,PRD00560,WH012,818,37,In Stock,2024-07-04
INV001942,PRD00560,WH002,862,37,In Stock,2023-07-10
INV001943,PRD00560,WH003,1042,37,In Stock,2023-10-04
INV001944,PRD00560,WH007,907,37,In Stock,2023-01-24
INV001945,PRD00561,WH009,1374,192,In Stock,2023-11-05
INV001946,PRD00561,WH006,703,192,In Stock,2025-06-29
INV001947,PRD00561,WH003,258,192,In Stock,2025-01-01
INV001948,PRD00562,WH007,1247,84,In Stock,2023-08-24
INV001949,PRD00562,WH008,957,84,In Stock,2022-10-06
INV001950,PRD00562,WH004,379,84,In Stock,2023-06-17
INV001951,PRD00562,WH003,418,84,In Stock,2025-10-14
INV001952,PRD00562,WH010,1118,84,In Stock,2026-08-05
INV001953,PRD00563,WH001,507,116,In Stock,2025-06-10
INV001954,PRD00563,WH003,1005,116,In Stock,2026-10-31
INV001955,PRD00563,WH010,244,116,In Stock,2023-02-09
INV001956,PRD00563,WH008,465,116,In Stock,2022-10-08
INV001957,PRD00563,WH006,1443,116,In Stock,2023-12-21
INV001958,PRD00564,WH007,1351,169,In Stock,2024-08-07
INV001959,PRD00564,WH011,686,169,In Stock,2024-08-03
INV001960,PRD00564,WH002,1249,169,In Stock,2026-03-09
INV001961,PRD00564,WH003,348,169,In Stock,2022-05-13
INV001962,PRD00564,WH005,311,169,In Stock,2026-04-25
INV001963,PRD00565,WH011,842,197,In Stock,2022-05-09
INV001964,PRD00565,WH009,1160,197,In Stock,2025-06-15
INV001965,PRD00566,WH003,8,199,Low Stock,2026-02-12
INV001966,PRD00566,WH008,487,199,In Stock,2024-10-07
INV001967,PRD00566,WH002,740,199,In Stock,2025-05-10
INV001968,PRD00566,WH009,151,199,Low Stock,2025-03-18
INV001969,PRD00567,WH004,556,41,In Stock,2023-03-02
INV001970,PRD00567,WH008,556,41,In Stock,2025-10-13
INV001971,PRD00567,WH012,1327,41,In Stock,2025-08-02
INV001972,PRD00568,WH006,1145,110,In Stock,2022-06-13
INV001973,PRD00568,WH003,52,110,Low Stock,2024-07-13
INV001974,PRD00568,WH009,1078,110,In Stock,2026-05-11
INV001975,PRD00568,WH010,95,110,Low Stock,2026-09-08
INV001976,PRD00569,WH007,1273,185,In Stock,2024-01-15
INV001977,PRD00569,WH004,181,185,Low Stock,2026-09-12
INV001978,PRD00570,WH002,1101,104,In Stock,2026-07-03
INV001979,PRD00570,WH001,735,104,In Stock,2022-03-15
INV001980,PRD00570,WH007,1101,104,In Stock,2025-04-29
INV001981,PRD00571,WH008,645,45,In Stock,2025-09-26
INV001982,PRD00571,WH009,262,45,In Stock,2025-07-04
INV001983,PRD00572,WH005,244,162,In Stock,2022-09-29
INV001984,PRD00572,WH009,1104,162,In Stock,2022-01-29
INV001985,PRD00572,WH008,255,162,In Stock,2026-08-18
INV001986,PRD00572,WH001,662,162,In Stock,2022-10-08
INV001987,PRD00573,WH011,168,115,In Stock,2022-07-22
INV001988,PRD00573,WH010,1126,115,In Stock,2024-04-26
INV001989,PRD00573,WH012,774,115,In Stock,2023-06-11
INV001990,PRD00574,WH005,502,196,In Stock,2026-10-05
INV001991,PRD00574,WH008,931,196,In Stock,2022-05-27
INV001992,PRD00574,WH001,1173,196,In Stock,2025-03-07
INV001993,PRD00574,WH004,1237,196,In Stock,2026-05-10
INV001994,PRD00575,WH006,1277,143,In Stock,2024-11-07
INV001995,PRD00575,WH003,354,143,In Stock,2024-10-23
INV001996,PRD00575,WH002,466,143,In Stock,2023-04-26
INV001997,PRD00575,WH011,849,143,In Stock,2024-03-17
INV001998,PRD00576,WH001,1278,49,In Stock,2022-09-15
INV001999,PRD00576,WH008,342,49,In Stock,2026-10-10
INV002000,PRD00576,WH007,889,49,In Stock,2023-02-01
INV002001,PRD00576,WH005,372,49,In Stock,2022-11-03
INV002002,PRD00576,WH004,656,49,In Stock,2022-06-18
INV002003,PRD00577,WH008,41,99,Low Stock,2024-01-13
INV002004,PRD00577,WH004,435,99,In Stock,2024-10-22
INV002005,PRD00577,WH007,933,99,In Stock,2025-11-28
INV002006,PRD00578,WH010,1029,143,In Stock,2024-04-03
INV002007,PRD00578,WH008,805,143,In Stock,2026-01-25
INV002008,PRD00578,WH011,1417,143,In Stock,2024-01-31
INV002009,PRD00578,WH009,1069,143,In Stock,2023-02-15
INV002010,PRD00579,WH010,206,198,In Stock,2025-03-06
INV002011,PRD00579,WH012,1325,198,In Stock,2022-11-01
INV002012,PRD00579,WH008,819,198,In Stock,2024-08-24
INV002013,PRD00579,WH004,369,198,In Stock,2024-10-25
INV002014,PRD00580,WH003,228,49,In Stock,2023-03-01
INV002015,PRD00580,WH011,854,49,In Stock,2023-12-28
INV002016,PRD00581,WH002,136,193,Low Stock,2025-02-09
INV002017,PRD00581,WH001,1283,193,In Stock,2025-03-06
INV002018,PRD00581,WH003,1000,193,In Stock,2022-12-17
INV002019,PRD00582,WH011,253,82,In Stock,2022-07-24
INV002020,PRD00582,WH004,1291,82,In Stock,2024-04-26
INV002021,PRD00582,WH006,1151,82,In Stock,2024-12-23
INV002022,PRD00582,WH003,697,82,In Stock,2026-06-01
INV002023,PRD00582,WH010,523,82,In Stock,2024-04-06
INV002024,PRD00583,WH011,1269,163,In Stock,2025-01-31
INV002025,PRD00583,WH002,348,163,In Stock,2022-01-09
INV002026,PRD00584,WH001,463,123,In Stock,2026-07-10
INV002027,PRD00584,WH007,73,123,Low Stock,2024-07-26
INV002028,PRD00585,WH004,222,130,In Stock,2022-06-15
INV002029,PRD00585,WH009,443,130,In Stock,2023-10-21
INV002030,PRD00585,WH006,1021,130,In Stock,2022-09-11
INV002031,PRD00585,WH005,1089,130,In Stock,2022-05-14
INV002032,PRD00586,WH008,393,70,In Stock,2023-11-26
INV002033,PRD00586,WH011,370,70,In Stock,2023-04-06
INV002034,PRD00587,WH012,1210,200,In Stock,2024-08-02
INV002035,PRD00587,WH004,1368,200,In Stock,2023-03-26
INV002036,PRD00587,WH008,1481,200,In Stock,2022-01-02
INV002037,PRD00587,WH002,321,200,In Stock,2022-03-16
INV002038,PRD00587,WH003,987,200,In Stock,2023-01-25
INV002039,PRD00588,WH008,812,36,In Stock,2026-09-18
INV002040,PRD00588,WH004,676,36,In Stock,2025-06-09
INV002041,PRD00588,WH001,22,36,Low Stock,2026-04-22
INV002042,PRD00588,WH005,539,36,In Stock,2026-06-29
INV002043,PRD00589,WH012,484,67,In Stock,2026-12-15
INV002044,PRD00589,WH010,1180,67,In Stock,2024-09-07
INV002045,PRD00590,WH001,1346,87,In Stock,2024-03-09
INV002046,PRD00590,WH009,643,87,In Stock,2022-01-25
INV002047,PRD00590,WH012,621,87,In Stock,2023-07-12
INV002048,PRD00590,WH002,505,87,In Stock,2025-04-30
INV002049,PRD00590,WH007,412,87,In Stock,2026-04-16
INV002050,PRD00591,WH004,1159,100,In Stock,2025-04-22
INV002051,PRD00591,WH001,127,100,In Stock,2024-06-16
INV002052,PRD00591,WH010,742,100,In Stock,2024-03-15
INV002053,PRD00592,WH009,1320,49,In Stock,2024-04-08
INV002054,PRD00592,WH008,465,49,In Stock,2024-09-04
INV002055,PRD00592,WH010,1157,49,In Stock,2026-10-24
INV002056,PRD00592,WH001,5,49,Low Stock,2023-03-08
INV002057,PRD00592,WH003,624,49,In Stock,2024-02-21
INV002058,PRD00593,WH005,1225,64,In Stock,2022-07-02
INV002059,PRD00593,WH009,846,64,In Stock,2024-09-09
INV002060,PRD00593,WH006,422,64,In Stock,2022-07-13
INV002061,PRD00593,WH004,68,64,In Stock,2026-11-19
INV002062,PRD00594,WH012,1421,177,In Stock,2024-09-23
INV002063,PRD00594,WH007,170,177,Low Stock,2026-02-16
INV002064,PRD00595,WH004,1218,50,In Stock,2022-02-04
INV002065,PRD00595,WH002,917,50,In Stock,2023-05-27
INV002066,PRD00595,WH011,28,50,Low Stock,2022-02-28
INV002067,PRD00595,WH009,678,50,In Stock,2026-12-01
INV002068,PRD00595,WH001,1055,50,In Stock,2025-11-14
INV002069,PRD00596,WH010,1123,197,In Stock,2024-01-14
INV002070,PRD00596,WH012,117,197,Low Stock,2023-12-03
INV002071,PRD00596,WH009,1249,197,In Stock,2022-09-18
INV002072,PRD00596,WH006,992,197,In Stock,2025-08-15
INV002073,PRD00597,WH009,118,55,In Stock,2023-11-10
INV002074,PRD00597,WH001,1061,55,In Stock,2025-09-19
INV002075,PRD00598,WH005,1292,182,In Stock,2026-12-07
INV002076,PRD00598,WH002,184,182,In Stock,2025-07-09
INV002077,PRD00599,WH010,1077,64,In Stock,2025-02-12
INV002078,PRD00599,WH001,518,64,In Stock,2025-10-17
INV002079,PRD00600,WH012,563,67,In Stock,2024-10-22
INV002080,PRD00600,WH011,1392,67,In Stock,2025-06-27
INV002081,PRD00600,WH009,254,67,In Stock,2023-09-03
INV002082,PRD00600,WH001,1086,67,In Stock,2025-04-09
INV002083,PRD00601,WH005,304,111,In Stock,2025-05-01
INV002084,PRD00601,WH008,1459,111,In Stock,2026-01-09
INV002085,PRD00601,WH004,752,111,In Stock,2024-11-18
INV002086,PRD00601,WH007,1078,111,In Stock,2022-01-27
INV002087,PRD00602,WH011,1195,118,In Stock,2024-05-23
INV002088,PRD00602,WH009,866,118,In Stock,2022-07-05
INV002089,PRD00602,WH008,503,118,In Stock,2026-04-15
INV002090,PRD00603,WH012,697,124,In Stock,2022-12-19
INV002091,PRD00603,WH010,724,124,In Stock,2025-11-16
INV002092,PRD00603,WH002,969,124,In Stock,2026-08-27
INV002093,PRD00604,WH003,916,133,In Stock,2026-12-24
INV002094,PRD00604,WH008,1024,133,In Stock,2024-01-21
INV002095,PRD00604,WH009,67,133,Low Stock,2023-09-22
INV002096,PRD00604,WH011,881,133,In Stock,2024-10-27
INV002097,PRD00605,WH004,773,76,In Stock,2026-02-04
INV002098,PRD00605,WH005,1372,76,In Stock,2023-04-28
INV002099,PRD00606,WH011,921,93,In Stock,2025-08-12
INV002100,PRD00606,WH003,51,93,Low Stock,2025-01-04
INV002101,PRD00606,WH007,1233,93,In Stock,2023-12-26
INV002102,PRD00607,WH004,1372,146,In Stock,2024-07-12
INV002103,PRD00607,WH001,848,146,In Stock,2023-10-15
INV002104,PRD00607,WH012,1118,146,In Stock,2025-08-18
INV002105,PRD00607,WH009,766,146,In Stock,2023-07-25
INV002106,PRD00608,WH008,908,88,In Stock,2022-09-10
INV002107,PRD00608,WH003,263,88,In Stock,2026-08-12
INV002108,PRD00608,WH012,1024,88,In Stock,2024-05-22
INV002109,PRD00608,WH010,1410,88,In Stock,2022-04-21
INV002110,PRD00608,WH002,1380,88,In Stock,2023-02-01
INV002111,PRD00609,WH006,840,158,In Stock,2024-10-24
INV002112,PRD00609,WH003,1494,158,In Stock,2026-07-14
INV002113,PRD00610,WH004,340,132,In Stock,2025-09-26
INV002114,PRD00610,WH005,687,132,In Stock,2026-05-21
INV002115,PRD00610,WH010,635,132,In Stock,2022-02-10
INV002116,PRD00610,WH008,592,132,In Stock,2025-11-30
INV002117,PRD00611,WH010,221,187,In Stock,2026-09-28
INV002118,PRD00611,WH009,147,187,Low Stock,2026-11-05
INV002119,PRD00611,WH011,935,187,In Stock,2022-01-25
INV002120,PRD00611,WH005,709,187,In Stock,2025-11-27
INV002121,PRD00612,WH007,487,135,In Stock,2025-07-13
INV002122,PRD00612,WH005,74,135,Low Stock,2022-07-23
INV002123,PRD00613,WH006,1457,132,In Stock,2024-07-14
INV002124,PRD00613,WH003,1426,132,In Stock,2025-04-20
INV002125,PRD00613,WH008,553,132,In Stock,2024-07-10
INV002126,PRD00613,WH007,940,132,In Stock,2025-03-12
INV002127,PRD00613,WH004,660,132,In Stock,2024-07-26
INV002128,PRD00614,WH009,509,80,In Stock,2022-11-19
INV002129,PRD00614,WH003,630,80,In Stock,2022-08-21
INV002130,PRD00615,WH001,1360,109,In Stock,2023-06-15
INV002131,PRD00615,WH011,499,109,In Stock,2023-03-22
INV002132,PRD00615,WH012,1418,109,In Stock,2024-06-21
INV002133,PRD00615,WH008,512,109,In Stock,2026-08-06
INV002134,PRD00615,WH009,1045,109,In Stock,2024-01-21
INV002135,PRD00616,WH001,468,62,In Stock,2025-10-12
INV002136,PRD00616,WH008,188,62,In Stock,2022-12-19
INV002137,PRD00616,WH002,229,62,In Stock,2026-09-27
INV002138,PRD00616,WH007,852,62,In Stock,2022-08-07
INV002139,PRD00616,WH004,1144,62,In Stock,2024-10-30
INV002140,PRD00617,WH006,413,72,In Stock,2026-12-10
INV002141,PRD00617,WH005,883,72,In Stock,2025-01-05
INV002142,PRD00617,WH012,1226,72,In Stock,2026-11-20
INV002143,PRD00617,WH003,874,72,In Stock,2023-01-12
INV002144,PRD00618,WH008,328,91,In Stock,2024-09-15
INV002145,PRD00618,WH002,140,91,In Stock,2025-08-14
INV002146,PRD00618,WH003,168,91,In Stock,2023-09-03
INV002147,PRD00618,WH001,150,91,In Stock,2025-08-20
INV002148,PRD00618,WH006,34,91,Low Stock,2022-04-23
INV002149,PRD00619,WH005,785,94,In Stock,2022-02-10
INV002150,PRD00619,WH001,1255,94,In Stock,2022-10-10
INV002151,PRD00619,WH012,134,94,In Stock,2022-08-05
INV002152,PRD00619,WH011,1472,94,In Stock,2026-02-23
INV002153,PRD00620,WH012,1141,151,In Stock,2026-04-08
INV002154,PRD00620,WH006,1103,151,In Stock,2026-01-28
INV002155,PRD00620,WH004,1440,151,In Stock,2023-04-12
INV002156,PRD00621,WH001,38,54,Low Stock,2025-11-29
INV002157,PRD00621,WH012,115,54,In Stock,2023-08-09
INV002158,PRD00621,WH009,864,54,In Stock,2022-02-14
INV002159,PRD00621,WH007,877,54,In Stock,2025-06-11
INV002160,PRD00621,WH003,21,54,Low Stock,2025-01-31
INV002161,PRD00622,WH010,274,35,In Stock,2024-02-27
INV002162,PRD00622,WH004,468,35,In Stock,2022-03-04
INV002163,PRD00623,WH010,745,199,In Stock,2023-11-04
INV002164,PRD00623,WH012,1325,199,In Stock,2024-01-09
INV002165,PRD00623,WH004,1130,199,In Stock,2023-12-01
INV002166,PRD00623,WH008,1338,199,In Stock,2024-11-05
INV002167,PRD00623,WH002,1086,199,In Stock,2022-05-30
INV002168,PRD00624,WH006,269,102,In Stock,2022-02-20
INV002169,PRD00624,WH007,650,102,In Stock,2022-01-27
INV002170,PRD00624,WH001,1378,102,In Stock,2025-07-18
INV002171,PRD00625,WH011,163,120,In Stock,2022-01-27
INV002172,PRD00625,WH001,426,120,In Stock,2023-03-09
INV002173,PRD00625,WH009,1418,120,In Stock,2024-01-05
INV002174,PRD00626,WH004,1325,180,In Stock,2023-06-17
INV002175,PRD00626,WH008,963,180,In Stock,2025-05-13
INV002176,PRD00626,WH009,1331,180,In Stock,2024-11-04
INV002177,PRD00626,WH010,292,180,In Stock,2026-08-26
INV002178,PRD00626,WH001,168,180,Low Stock,2026-07-18
INV002179,PRD00627,WH005,278,43,In Stock,2026-01-14
INV002180,PRD00627,WH003,2,43,Low Stock,2023-09-08
INV002181,PRD00627,WH010,812,43,In Stock,2023-10-11
INV002182,PRD00628,WH009,668,114,In Stock,2025-12-25
INV002183,PRD00628,WH011,692,114,In Stock,2023-11-20
INV002184,PRD00628,WH012,230,114,In Stock,2024-09-22
INV002185,PRD00629,WH005,30,20,In Stock,2026-01-05
INV002186,PRD00629,WH009,1286,20,In Stock,2026-07-30
INV002187,PRD00629,WH003,1378,20,In Stock,2024-08-29
INV002188,PRD00630,WH009,784,137,In Stock,2025-07-07
INV002189,PRD00630,WH003,1338,137,In Stock,2022-11-30
INV002190,PRD00630,WH001,1107,137,In Stock,2023-03-11
INV002191,PRD00631,WH010,304,36,In Stock,2022-06-22
INV002192,PRD00631,WH008,231,36,In Stock,2026-06-30
INV002193,PRD00631,WH003,409,36,In Stock,2025-08-07
INV002194,PRD00631,WH006,1351,36,In Stock,2026-03-11
INV002195,PRD00631,WH009,789,36,In Stock,2023-04-08
INV002196,PRD00632,WH001,758,74,In Stock,2026-08-04
INV002197,PRD00632,WH003,868,74,In Stock,2022-02-10
INV002198,PRD00632,WH006,357,74,In Stock,2024-08-22
INV002199,PRD00633,WH006,745,106,In Stock,2024-03-23
INV002200,PRD00633,WH012,1445,106,In Stock,2022-05-07
INV002201,PRD00633,WH007,123,106,In Stock,2026-12-28
INV002202,PRD00633,WH009,73,106,Low Stock,2025-01-24
INV002203,PRD00633,WH004,1160,106,In Stock,2022-04-27
INV002204,PRD00634,WH011,1456,144,In Stock,2024-08-04
INV002205,PRD00634,WH012,655,144,In Stock,2025-02-23
INV002206,PRD00634,WH009,135,144,Low Stock,2024-06-25
INV002207,PRD00634,WH010,814,144,In Stock,2024-03-06
INV002208,PRD00635,WH010,1499,32,In Stock,2026-01-29
INV002209,PRD00635,WH006,473,32,In Stock,2023-09-25
INV002210,PRD00635,WH008,1404,32,In Stock,2022-10-21
INV002211,PRD00635,WH009,62,32,In Stock,2024-02-02
INV002212,PRD00635,WH005,403,32,In Stock,2026-04-28
INV002213,PRD00636,WH009,402,137,In Stock,2023-01-20
INV002214,PRD00636,WH006,1380,137,In Stock,2026-07-06
INV002215,PRD00636,WH004,1091,137,In Stock,2024-11-13
INV002216,PRD00636,WH008,466,137,In Stock,2024-05-17
INV002217,PRD00637,WH012,96,132,Low Stock,2022-02-28
INV002218,PRD00637,WH006,614,132,In Stock,2023-01-14
INV002219,PRD00637,WH007,817,132,In Stock,2022-01-07
INV002220,PRD00638,WH012,19,71,Low Stock,2022-01-09
INV002221,PRD00638,WH009,165,71,In Stock,2024-06-29
INV002222,PRD00638,WH010,1264,71,In Stock,2022-06-29
INV002223,PRD00639,WH010,106,186,Low Stock,2023-05-19
INV002224,PRD00639,WH007,176,186,Low Stock,2025-04-19
INV002225,PRD00639,WH005,738,186,In Stock,2022-06-05
INV002226,PRD00639,WH009,501,186,In Stock,2025-01-25
INV002227,PRD00639,WH004,1350,186,In Stock,2022-07-12
INV002228,PRD00640,WH006,1296,90,In Stock,2025-12-13
INV002229,PRD00640,WH011,733,90,In Stock,2022-12-07
INV002230,PRD00641,WH003,356,115,In Stock,2024-09-22
INV002231,PRD00641,WH008,207,115,In Stock,2026-09-11
INV002232,PRD00641,WH009,926,115,In Stock,2023-07-30
INV002233,PRD00641,WH007,1127,115,In Stock,2024-11-25
INV002234,PRD00641,WH006,901,115,In Stock,2025-01-20
INV002235,PRD00642,WH011,632,121,In Stock,2026-09-03
INV002236,PRD00642,WH010,1102,121,In Stock,2023-11-25
INV002237,PRD00642,WH004,768,121,In Stock,2022-06-13
INV002238,PRD00642,WH002,492,121,In Stock,2024-07-16
INV002239,PRD00643,WH005,684,79,In Stock,2025-10-25
INV002240,PRD00643,WH001,224,79,In Stock,2023-12-28
INV002241,PRD00643,WH010,553,79,In Stock,2026-09-25
INV002242,PRD00644,WH009,20,20,In Stock,2023-08-25
INV002243,PRD00644,WH010,819,20,In Stock,2026-05-14
INV002244,PRD00644,WH002,558,20,In Stock,2024-05-18
INV002245,PRD00644,WH007,1464,20,In Stock,2025-12-17
INV002246,PRD00644,WH005,1364,20,In Stock,2026-10-12
INV002247,PRD00645,WH011,1113,77,In Stock,2022-12-22
INV002248,PRD00645,WH006,640,77,In Stock,2022-06-05
INV002249,PRD00645,WH002,60,77,Low Stock,2026-05-06
INV002250,PRD00645,WH007,140,77,In Stock,2025-07-03
INV002251,PRD00645,WH005,688,77,In Stock,2025-02-10
INV002252,PRD00646,WH002,1258,198,In Stock,2023-12-19
INV002253,PRD00646,WH003,1048,198,In Stock,2022-03-13
INV002254,PRD00647,WH011,580,128,In Stock,2022-01-11
INV002255,PRD00647,WH008,1014,128,In Stock,2023-08-23
INV002256,PRD00647,WH007,1099,128,In Stock,2022-11-17
INV002257,PRD00647,WH003,493,128,In Stock,2025-01-16
INV002258,PRD00647,WH012,1017,128,In Stock,2023-07-18
INV002259,PRD00648,WH008,1088,118,In Stock,2024-05-02
INV002260,PRD00648,WH012,1251,118,In Stock,2024-06-06
INV002261,PRD00648,WH010,672,118,In Stock,2023-02-25
INV002262,PRD00648,WH009,403,118,In Stock,2022-11-17
INV002263,PRD00648,WH003,1410,118,In Stock,2024-08-16
INV002264,PRD00649,WH001,1085,100,In Stock,2026-02-14
INV002265,PRD00649,WH010,100,100,In Stock,2023-12-08
INV002266,PRD00649,WH011,833,100,In Stock,2024-05-28
INV002267,PRD00649,WH006,242,100,In Stock,2024-05-27
INV002268,PRD00649,WH012,1195,100,In Stock,2024-04-29
INV002269,PRD00650,WH011,694,54,In Stock,2025-12-02
INV002270,PRD00650,WH007,340,54,In Stock,2025-03-21
INV002271,PRD00650,WH003,372,54,In Stock,2025-02-08
INV002272,PRD00650,WH012,1021,54,In Stock,2026-05-29
INV002273,PRD00650,WH010,138,54,In Stock,2023-11-07
INV002274,PRD00651,WH012,638,155,In Stock,2024-04-12
INV002275,PRD00651,WH005,1025,155,In Stock,2024-08-18
INV002276,PRD00651,WH010,1493,155,In Stock,2025-09-25
INV002277,PRD00652,WH008,1278,132,In Stock,2026-12-09
INV002278,PRD00652,WH011,967,132,In Stock,2022-02-23
INV002279,PRD00652,WH002,923,132,In Stock,2022-04-14
INV002280,PRD00653,WH001,523,58,In Stock,2025-03-18
INV002281,PRD00653,WH004,271,58,In Stock,2022-07-31
INV002282,PRD00654,WH006,561,75,In Stock,2025-01-23
INV002283,PRD00654,WH004,725,75,In Stock,2026-07-10
INV002284,PRD00654,WH011,435,75,In Stock,2023-08-11
INV002285,PRD00654,WH007,292,75,In Stock,2023-02-25
INV002286,PRD00654,WH002,1386,75,In Stock,2023-01-06
INV002287,PRD00655,WH007,1056,51,In Stock,2023-05-13
INV002288,PRD00655,WH012,363,51,In Stock,2022-03-15
INV002289,PRD00656,WH011,1198,100,In Stock,2026-08-12
INV002290,PRD00656,WH008,772,100,In Stock,2024-01-21
INV002291,PRD00657,WH008,408,41,In Stock,2025-08-02
INV002292,PRD00657,WH001,406,41,In Stock,2022-01-11
INV002293,PRD00657,WH007,905,41,In Stock,2025-09-06
INV002294,PRD00658,WH009,871,175,In Stock,2023-02-09
INV002295,PRD00658,WH002,962,175,In Stock,2023-07-02
INV002296,PRD00659,WH006,1121,188,In Stock,2025-07-03
INV002297,PRD00659,WH003,615,188,In Stock,2022-06-04
INV002298,PRD00659,WH008,1463,188,In Stock,2024-12-20
INV002299,PRD00660,WH003,312,150,In Stock,2023-06-30
INV002300,PRD00660,WH008,1097,150,In Stock,2025-04-05
INV002301,PRD00660,WH009,993,150,In Stock,2022-08-07
INV002302,PRD00661,WH010,917,33,In Stock,2023-06-24
INV002303,PRD00661,WH011,1231,33,In Stock,2022-04-01
INV002304,PRD00661,WH008,1371,33,In Stock,2025-02-19
INV002305,PRD00662,WH008,262,146,In Stock,2024-08-23
INV002306,PRD00662,WH005,720,146,In Stock,2022-11-25
INV002307,PRD00662,WH002,880,146,In Stock,2022-11-27
INV002308,PRD00662,WH004,278,146,In Stock,2023-05-22
INV002309,PRD00662,WH009,349,146,In Stock,2024-08-26
INV002310,PRD00663,WH005,1217,172,In Stock,2023-04-19
INV002311,PRD00663,WH009,554,172,In Stock,2023-10-25
INV002312,PRD00663,WH011,340,172,In Stock,2025-07-20
INV002313,PRD00663,WH006,98,172,Low Stock,2024-10-14
INV002314,PRD00664,WH005,250,112,In Stock,2024-06-09
INV002315,PRD00664,WH007,1219,112,In Stock,2022-08-05
INV002316,PRD00665,WH005,686,165,In Stock,2026-07-05
INV002317,PRD00665,WH007,963,165,In Stock,2025-10-19
INV002318,PRD00665,WH010,761,165,In Stock,2024-08-13
INV002319,PRD00665,WH002,568,165,In Stock,2022-10-28
INV002320,PRD00666,WH003,476,140,In Stock,2023-02-03
INV002321,PRD00666,WH004,258,140,In Stock,2025-11-01
INV002322,PRD00666,WH002,804,140,In Stock,2026-08-20
INV002323,PRD00666,WH007,969,140,In Stock,2026-03-06
INV002324,PRD00666,WH006,1135,140,In Stock,2026-05-02
INV002325,PRD00667,WH006,198,170,In Stock,2023-06-01
INV002326,PRD00667,WH008,599,170,In Stock,2025-06-13
INV002327,PRD00667,WH010,903,170,In Stock,2023-06-29
INV002328,PRD00667,WH005,1155,170,In Stock,2022-06-20
INV002329,PRD00667,WH002,251,170,In Stock,2022-10-04
INV002330,PRD00668,WH009,1369,35,In Stock,2025-08-02
INV002331,PRD00668,WH001,1327,35,In Stock,2025-05-28
INV002332,PRD00668,WH010,1440,35,In Stock,2026-08-25
INV002333,PRD00668,WH006,1167,35,In Stock,2025-07-09
INV002334,PRD00669,WH006,1159,180,In Stock,2024-01-15
INV002335,PRD00669,WH001,1455,180,In Stock,2022-09-17
INV002336,PRD00670,WH011,1293,199,In Stock,2024-09-04
INV002337,PRD00670,WH002,1230,199,In Stock,2024-02-15
INV002338,PRD00670,WH005,1432,199,In Stock,2024-02-04
INV002339,PRD00670,WH004,773,199,In Stock,2024-11-05
INV002340,PRD00671,WH002,925,177,In Stock,2024-03-05
INV002341,PRD00671,WH008,291,177,In Stock,2022-05-27
INV002342,PRD00671,WH010,797,177,In Stock,2023-03-22
INV002343,PRD00671,WH012,819,177,In Stock,2024-06-21
INV002344,PRD00672,WH011,1390,150,In Stock,2026-01-19
INV002345,PRD00672,WH012,179,150,In Stock,2022-02-27
INV002346,PRD00672,WH007,807,150,In Stock,2023-02-26
INV002347,PRD00672,WH006,1275,150,In Stock,2026-02-06
INV002348,PRD00673,WH007,559,157,In Stock,2023-03-08
INV002349,PRD00673,WH001,981,157,In Stock,2023-08-02
INV002350,PRD00674,WH001,335,186,In Stock,2023-10-18
INV002351,PRD00674,WH008,338,186,In Stock,2026-06-10
INV002352,PRD00674,WH011,167,186,Low Stock,2025-01-05
INV002353,PRD00675,WH003,1422,131,In Stock,2024-12-14
INV002354,PRD00675,WH004,299,131,In Stock,2025-07-29
INV002355,PRD00675,WH008,1127,131,In Stock,2022-12-21
INV002356,PRD00675,WH002,889,131,In Stock,2026-04-22
INV002357,PRD00675,WH010,1044,131,In Stock,2024-11-25
INV002358,PRD00676,WH011,959,82,In Stock,2022-07-23
INV002359,PRD00676,WH003,37,82,Low Stock,2022-03-19
INV002360,PRD00677,WH004,313,176,In Stock,2025-09-14
INV002361,PRD00677,WH005,1354,176,In Stock,2022-01-19
INV002362,PRD00678,WH001,1340,188,In Stock,2024-05-06
INV002363,PRD00678,WH012,1044,188,In Stock,2023-08-14
INV002364,PRD00678,WH004,1336,188,In Stock,2023-12-08
INV002365,PRD00678,WH005,1180,188,In Stock,2025-11-30
INV002366,PRD00679,WH007,1448,55,In Stock,2025-12-04
INV002367,PRD00679,WH012,170,55,In Stock,2023-12-01
INV002368,PRD00680,WH007,504,153,In Stock,2026-08-29
INV002369,PRD00680,WH010,567,153,In Stock,2022-01-04
INV002370,PRD00680,WH012,549,153,In Stock,2025-07-22
INV002371,PRD00681,WH001,823,62,In Stock,2023-06-05
INV002372,PRD00681,WH011,822,62,In Stock,2024-08-12
INV002373,PRD00681,WH007,952,62,In Stock,2023-12-18
INV002374,PRD00681,WH008,590,62,In Stock,2024-04-26
INV002375,PRD00682,WH002,780,88,In Stock,2025-08-11
INV002376,PRD00682,WH010,915,88,In Stock,2024-06-09
INV002377,PRD00683,WH006,123,27,In Stock,2025-09-18
INV002378,PRD00683,WH005,634,27,In Stock,2023-09-28
INV002379,PRD00683,WH003,649,27,In Stock,2022-02-26
INV002380,PRD00683,WH002,897,27,In Stock,2024-02-25
INV002381,PRD00683,WH012,969,27,In Stock,2022-05-03
INV002382,PRD00684,WH004,922,36,In Stock,2023-01-15
INV002383,PRD00684,WH001,331,36,In Stock,2026-02-17
INV002384,PRD00684,WH011,1453,36,In Stock,2026-04-22
INV002385,PRD00684,WH007,10,36,Low Stock,2022-08-02
INV002386,PRD00684,WH009,1084,36,In Stock,2025-03-04
INV002387,PRD00685,WH012,1396,39,In Stock,2025-06-07
INV002388,PRD00685,WH010,227,39,In Stock,2023-06-24
INV002389,PRD00685,WH002,48,39,In Stock,2026-05-22
INV002390,PRD00685,WH007,1357,39,In Stock,2023-09-15
INV002391,PRD00685,WH001,121,39,In Stock,2025-04-20
INV002392,PRD00686,WH009,11,147,Low Stock,2025-10-31
INV002393,PRD00686,WH003,1030,147,In Stock,2025-09-28
INV002394,PRD00686,WH006,732,147,In Stock,2023-02-15
INV002395,PRD00687,WH007,739,85,In Stock,2022-04-13
INV002396,PRD00687,WH012,215,85,In Stock,2025-09-11
INV002397,PRD00687,WH006,1484,85,In Stock,2024-09-22
INV002398,PRD00688,WH008,647,49,In Stock,2024-01-18
INV002399,PRD00688,WH004,187,49,In Stock,2022-04-17
INV002400,PRD00688,WH005,174,49,In Stock,2026-10-15
INV002401,PRD00688,WH011,1099,49,In Stock,2023-08-25
INV002402,PRD00688,WH002,444,49,In Stock,2024-01-19
INV002403,PRD00689,WH007,817,23,In Stock,2025-11-26
INV002404,PRD00689,WH003,1027,23,In Stock,2022-10-13
INV002405,PRD00689,WH004,705,23,In Stock,2024-10-17
INV002406,PRD00690,WH004,158,58,In Stock,2022-09-15
INV002407,PRD00690,WH007,1283,58,In Stock,2022-02-02
INV002408,PRD00690,WH001,1250,58,In Stock,2025-10-07
INV002409,PRD00690,WH009,1348,58,In Stock,2022-09-30
INV002410,PRD00690,WH005,319,58,In Stock,2023-02-24
INV002411,PRD00691,WH005,1254,161,In Stock,2025-02-12
INV002412,PRD00691,WH009,1326,161,In Stock,2025-12-28
INV002413,PRD00691,WH011,489,161,In Stock,2024-07-05
INV002414,PRD00692,WH008,972,127,In Stock,2025-03-19
INV002415,PRD00692,WH009,196,127,In Stock,2023-09-21
INV002416,PRD00693,WH010,1376,101,In Stock,2024-05-10
INV002417,PRD00693,WH006,102,101,In Stock,2025-09-05
INV002418,PRD00693,WH005,1345,101,In Stock,2025-05-27
INV002419,PRD00694,WH006,1106,50,In Stock,2026-10-24
INV002420,PRD00694,WH009,1478,50,In Stock,2026-09-01
INV002421,PRD00694,WH011,43,50,Low Stock,2025-04-04
INV002422,PRD00694,WH005,366,50,In Stock,2025-11-04
INV002423,PRD00694,WH001,1227,50,In Stock,2026-08-12
INV002424,PRD00695,WH011,1425,77,In Stock,2025-11-01
INV002425,PRD00695,WH009,1236,77,In Stock,2025-11-01
INV002426,PRD00695,WH002,1484,77,In Stock,2024-10-19
INV002427,PRD00695,WH007,838,77,In Stock,2022-12-17
INV002428,PRD00695,WH005,1081,77,In Stock,2023-08-06
INV002429,PRD00696,WH002,1435,37,In Stock,2024-01-24
INV002430,PRD00696,WH008,160,37,In Stock,2022-12-04
INV002431,PRD00696,WH009,183,37,In Stock,2023-08-21
INV002432,PRD00696,WH001,87,37,In Stock,2023-11-07
INV002433,PRD00696,WH005,261,37,In Stock,2025-06-25
INV002434,PRD00697,WH006,973,99,In Stock,2024-03-19
INV002435,PRD00697,WH009,1334,99,In Stock,2024-03-10
INV002436,PRD00697,WH003,792,99,In Stock,2025-08-02
INV002437,PRD00698,WH005,1466,114,In Stock,2022-09-13
INV002438,PRD00698,WH003,1123,114,In Stock,2024-08-03
INV002439,PRD00698,WH008,34,114,Low Stock,2024-12-30
INV002440,PRD00698,WH011,572,114,In Stock,2026-07-08
INV002441,PRD00698,WH002,936,114,In Stock,2022-08-06
INV002442,PRD00699,WH005,1258,179,In Stock,2026-09-06
INV002443,PRD00699,WH010,1002,179,In Stock,2026-10-27
INV002444,PRD00699,WH001,906,179,In Stock,2025-03-05
INV002445,PRD00699,WH003,438,179,In Stock,2026-03-24
INV002446,PRD00700,WH009,203,70,In Stock,2024-10-22
INV002447,PRD00700,WH011,232,70,In Stock,2023-03-14
INV002448,PRD00700,WH003,969,70,In Stock,2022-10-26
INV002449,PRD00700,WH010,1307,70,In Stock,2023-06-07
INV002450,PRD00701,WH004,1075,82,In Stock,2022-10-17
INV002451,PRD00701,WH008,1078,82,In Stock,2024-12-10
INV002452,PRD00701,WH002,967,82,In Stock,2024-09-25
INV002453,PRD00701,WH011,336,82,In Stock,2026-08-30
INV002454,PRD00701,WH001,273,82,In Stock,2026-06-12
INV002455,PRD00702,WH004,177,79,In Stock,2025-05-13
INV002456,PRD00702,WH003,1465,79,In Stock,2022-08-22
INV002457,PRD00702,WH001,1456,79,In Stock,2022-07-15
INV002458,PRD00702,WH010,91,79,In Stock,2023-11-04
INV002459,PRD00702,WH007,573,79,In Stock,2023-08-23
INV002460,PRD00703,WH003,773,22,In Stock,2022-11-13
INV002461,PRD00703,WH005,1204,22,In Stock,2026-08-21
INV002462,PRD00704,WH001,1016,116,In Stock,2022-08-31
INV002463,PRD00704,WH005,869,116,In Stock,2025-09-21
INV002464,PRD00705,WH008,540,72,In Stock,2023-05-16
INV002465,PRD00705,WH009,634,72,In Stock,2026-03-04
INV002466,PRD00706,WH004,1454,35,In Stock,2022-10-30
INV002467,PRD00706,WH008,1224,35,In Stock,2025-06-21
INV002468,PRD00706,WH007,420,35,In Stock,2026-05-30
INV002469,PRD00706,WH003,328,35,In Stock,2024-04-28
INV002470,PRD00706,WH009,1236,35,In Stock,2025-04-02
INV002471,PRD00707,WH005,1319,43,In Stock,2026-12-16
INV002472,PRD00707,WH009,1396,43,In Stock,2023-06-30
INV002473,PRD00707,WH004,1384,43,In Stock,2026-05-16
INV002474,PRD00707,WH012,1288,43,In Stock,2025-05-31
INV002475,PRD00707,WH001,1388,43,In Stock,2023-11-03
INV002476,PRD00708,WH008,1292,153,In Stock,2024-12-07
INV002477,PRD00708,WH005,630,153,In Stock,2022-06-26
INV002478,PRD00709,WH006,92,41,In Stock,2026-09-23
INV002479,PRD00709,WH001,1043,41,In Stock,2022-10-20
INV002480,PRD00709,WH010,13,41,Low Stock,2024-09-28
INV002481,PRD00710,WH008,780,120,In Stock,2023-04-18
INV002482,PRD00710,WH010,115,120,Low Stock,2025-11-13
INV002483,PRD00711,WH006,88,189,Low Stock,2022-10-22
INV002484,PRD00711,WH008,579,189,In Stock,2023-04-18
INV002485,PRD00712,WH010,64,100,Low Stock,2022-01-29
INV002486,PRD00712,WH006,1381,100,In Stock,2026-11-18
INV002487,PRD00712,WH001,1422,100,In Stock,2026-12-01
INV002488,PRD00712,WH012,938,100,In Stock,2023-12-11
INV002489,PRD00713,WH010,478,103,In Stock,2022-06-09
INV002490,PRD00713,WH002,1355,103,In Stock,2025-10-30
INV002491,PRD00713,WH008,792,103,In Stock,2026-04-09
INV002492,PRD00713,WH006,1498,103,In Stock,2022-07-26
INV002493,PRD00714,WH005,439,71,In Stock,2026-11-24
INV002494,PRD00714,WH001,57,71,Low Stock,2024-04-26
INV002495,PRD00714,WH004,592,71,In Stock,2022-01-16
INV002496,PRD00714,WH002,1437,71,In Stock,2025-08-28
INV002497,PRD00715,WH010,969,59,In Stock,2026-05-08
INV002498,PRD00715,WH009,991,59,In Stock,2025-01-10
INV002499,PRD00716,WH008,102,124,Low Stock,2023-07-26
INV002500,PRD00716,WH002,1354,124,In Stock,2024-05-08
INV002501,PRD00716,WH009,1229,124,In Stock,2023-03-14
INV002502,PRD00716,WH011,713,124,In Stock,2026-08-22
INV002503,PRD00716,WH012,402,124,In Stock,2024-02-20
INV002504,PRD00717,WH002,1361,73,In Stock,2025-11-18
INV002505,PRD00717,WH004,6,73,Low Stock,2025-01-08
INV002506,PRD00717,WH005,52,73,Low Stock,2025-06-23
INV002507,PRD00717,WH001,1307,73,In Stock,2025-11-27
INV002508,PRD00718,WH002,142,50,In Stock,2022-07-03
INV002509,PRD00718,WH004,882,50,In Stock,2023-03-31
INV002510,PRD00718,WH003,1134,50,In Stock,2025-06-12
INV002511,PRD00718,WH006,421,50,In Stock,2026-10-20
INV002512,PRD00718,WH005,1199,50,In Stock,2024-07-11
INV002513,PRD00719,WH002,489,200,In Stock,2023-04-14
INV002514,PRD00719,WH011,148,200,Low Stock,2026-08-08
INV002515,PRD00719,WH001,1115,200,In Stock,2022-01-11
INV002516,PRD00719,WH007,1215,200,In Stock,2025-10-04
INV002517,PRD00719,WH009,455,200,In Stock,2024-11-09
INV002518,PRD00720,WH009,1401,103,In Stock,2023-10-26
INV002519,PRD00720,WH006,1302,103,In Stock,2023-09-17
INV002520,PRD00720,WH012,1385,103,In Stock,2024-06-17
INV002521,PRD00721,WH011,240,121,In Stock,2026-08-14
INV002522,PRD00721,WH008,19,121,Low Stock,2023-12-03
INV002523,PRD00722,WH012,343,64,In Stock,2023-02-21
INV002524,PRD00722,WH001,454,64,In Stock,2022-02-07
INV002525,PRD00722,WH008,800,64,In Stock,2026-07-16
INV002526,PRD00723,WH012,766,162,In Stock,2026-04-17
INV002527,PRD00723,WH006,1229,162,In Stock,2024-10-17
INV002528,PRD00723,WH005,30,162,Low Stock,2026-08-21
INV002529,PRD00723,WH003,174,162,In Stock,2023-12-14
INV002530,PRD00724,WH011,45,46,Low Stock,2023-04-18
INV002531,PRD00724,WH012,1474,46,In Stock,2025-05-22
INV002532,PRD00725,WH010,1321,35,In Stock,2025-03-08
INV002533,PRD00725,WH006,32,35,Low Stock,2023-08-26
INV002534,PRD00725,WH008,1295,35,In Stock,2025-12-17
INV002535,PRD00725,WH012,449,35,In Stock,2026-06-28
INV002536,PRD00725,WH001,155,35,In Stock,2026-05-20
INV002537,PRD00726,WH006,315,70,In Stock,2023-07-07
INV002538,PRD00726,WH010,276,70,In Stock,2024-11-10
INV002539,PRD00726,WH005,20,70,Low Stock,2023-02-11
INV002540,PRD00726,WH002,474,70,In Stock,2022-04-14
INV002541,PRD00727,WH006,1196,185,In Stock,2023-12-11
INV002542,PRD00727,WH003,384,185,In Stock,2022-06-29
INV002543,PRD00728,WH002,1359,39,In Stock,2022-09-19
INV002544,PRD00728,WH004,216,39,In Stock,2026-10-21
INV002545,PRD00728,WH003,348,39,In Stock,2024-01-13
INV002546,PRD00728,WH001,418,39,In Stock,2023-01-16
INV002547,PRD00728,WH012,289,39,In Stock,2022-10-12
INV002548,PRD00729,WH002,1159,185,In Stock,2023-10-07
INV002549,PRD00729,WH010,561,185,In Stock,2023-04-18
INV002550,PRD00729,WH009,811,185,In Stock,2023-11-20
INV002551,PRD00729,WH003,994,185,In Stock,2022-12-09
INV002552,PRD00730,WH005,36,104,Low Stock,2025-05-15
INV002553,PRD00730,WH006,1124,104,In Stock,2024-02-10
INV002554,PRD00730,WH008,114,104,In Stock,2026-08-21
INV002555,PRD00731,WH001,1166,63,In Stock,2026-05-24
INV002556,PRD00731,WH006,622,63,In Stock,2026-10-06
INV002557,PRD00732,WH001,385,121,In Stock,2025-08-01
INV002558,PRD00732,WH010,1046,121,In Stock,2022-06-29
INV002559,PRD00732,WH007,275,121,In Stock,2026-05-19
INV002560,PRD00732,WH008,987,121,In Stock,2022-12-24
INV002561,PRD00732,WH011,533,121,In Stock,2025-06-07
INV002562,PRD00733,WH004,1035,64,In Stock,2023-12-20
INV002563,PRD00733,WH001,725,64,In Stock,2025-08-21
INV002564,PRD00733,WH002,371,64,In Stock,2023-07-26
INV002565,PRD00733,WH009,1363,64,In Stock,2023-03-30
INV002566,PRD00733,WH010,431,64,In Stock,2023-01-02
INV002567,PRD00734,WH006,1172,91,In Stock,2025-02-04
INV002568,PRD00734,WH011,1019,91,In Stock,2026-01-06
INV002569,PRD00734,WH008,455,91,In Stock,2022-02-02
INV002570,PRD00735,WH007,251,178,In Stock,2026-12-27
INV002571,PRD00735,WH003,303,178,In Stock,2024-01-28
INV002572,PRD00735,WH006,616,178,In Stock,2022-01-16
INV002573,PRD00735,WH011,1482,178,In Stock,2026-10-26
INV002574,PRD00735,WH010,252,178,In Stock,2026-12-04
INV002575,PRD00736,WH008,841,125,In Stock,2024-06-08
INV002576,PRD00736,WH006,130,125,In Stock,2023-03-31
INV002577,PRD00736,WH002,894,125,In Stock,2026-05-29
INV002578,PRD00736,WH009,536,125,In Stock,2025-07-22
INV002579,PRD00736,WH007,201,125,In Stock,2022-11-21
INV002580,PRD00737,WH003,1485,91,In Stock,2026-01-17
INV002581,PRD00737,WH008,108,91,In Stock,2026-05-02
INV002582,PRD00737,WH007,1258,91,In Stock,2025-06-07
INV002583,PRD00737,WH006,1118,91,In Stock,2026-06-17
INV002584,PRD00737,WH001,744,91,In Stock,2024-02-18
INV002585,PRD00738,WH009,1200,154,In Stock,2025-07-03
INV002586,PRD00738,WH006,1106,154,In Stock,2024-08-08
INV002587,PRD00738,WH001,1185,154,In Stock,2026-09-07
INV002588,PRD00739,WH011,132,24,In Stock,2022-04-13
INV002589,PRD00739,WH008,128,24,In Stock,2025-02-20
INV002590,PRD00739,WH006,182,24,In Stock,2024-10-31
INV002591,PRD00740,WH006,534,142,In Stock,2022-05-25
INV002592,PRD00740,WH010,463,142,In Stock,2026-11-18
INV002593,PRD00740,WH003,605,142,In Stock,2022-01-03
INV002594,PRD00740,WH007,446,142,In Stock,2025-07-12
INV002595,PRD00741,WH003,810,164,In Stock,2023-02-27
INV002596,PRD00741,WH006,347,164,In Stock,2024-08-02
INV002597,PRD00742,WH010,836,26,In Stock,2026-02-22
INV002598,PRD00742,WH009,992,26,In Stock,2023-12-14
INV002599,PRD00742,WH003,1322,26,In Stock,2025-03-29
INV002600,PRD00742,WH002,1256,26,In Stock,2022-06-19
INV002601,PRD00743,WH010,1263,91,In Stock,2023-07-09
INV002602,PRD00743,WH011,1008,91,In Stock,2024-11-20
INV002603,PRD00743,WH002,860,91,In Stock,2023-06-18
INV002604,PRD00743,WH005,571,91,In Stock,2025-07-11
INV002605,PRD00743,WH012,185,91,In Stock,2026-11-16
INV002606,PRD00744,WH007,703,111,In Stock,2024-08-13
INV002607,PRD00744,WH009,1074,111,In Stock,2026-04-03
INV002608,PRD00744,WH008,1359,111,In Stock,2026-07-25
INV002609,PRD00745,WH002,1311,45,In Stock,2023-05-13
INV002610,PRD00745,WH011,938,45,In Stock,2026-04-22
INV002611,PRD00745,WH003,1028,45,In Stock,2026-12-03
INV002612,PRD00746,WH003,165,34,In Stock,2022-01-17
INV002613,PRD00746,WH008,611,34,In Stock,2024-05-27
INV002614,PRD00746,WH005,399,34,In Stock,2025-12-02
INV002615,PRD00747,WH006,1085,119,In Stock,2023-03-14
INV002616,PRD00747,WH001,583,119,In Stock,2026-11-16
INV002617,PRD00748,WH004,634,64,In Stock,2026-01-28
INV002618,PRD00748,WH007,710,64,In Stock,2025-02-18
INV002619,PRD00748,WH006,1413,64,In Stock,2025-12-13
INV002620,PRD00748,WH001,962,64,In Stock,2026-05-23
INV002621,PRD00748,WH011,713,64,In Stock,2025-12-02
INV002622,PRD00749,WH009,388,198,In Stock,2022-08-10
INV002623,PRD00749,WH012,436,198,In Stock,2022-02-25
INV002624,PRD00749,WH008,429,198,In Stock,2024-04-29
INV002625,PRD00749,WH004,1160,198,In Stock,2024-01-18
INV002626,PRD00749,WH002,77,198,Low Stock,2025-10-12
INV002627,PRD00750,WH008,525,199,In Stock,2025-10-04
INV002628,PRD00750,WH007,967,199,In Stock,2023-01-15
INV002629,PRD00750,WH002,690,199,In Stock,2022-04-27
INV002630,PRD00750,WH009,401,199,In Stock,2023-11-21
INV002631,PRD00750,WH006,1030,199,In Stock,2025-03-19
INV002632,PRD00751,WH008,541,164,In Stock,2022-10-07
INV002633,PRD00751,WH010,1201,164,In Stock,2023-04-12
INV002634,PRD00751,WH005,1205,164,In Stock,2026-12-01
INV002635,PRD00751,WH001,966,164,In Stock,2026-08-02
INV002636,PRD00751,WH003,440,164,In Stock,2022-01-25
INV002637,PRD00752,WH007,175,146,In Stock,2026-01-18
INV002638,PRD00752,WH005,946,146,In Stock,2023-02-09
INV002639,PRD00752,WH009,88,146,Low Stock,2025-03-27
INV002640,PRD00753,WH004,483,43,In Stock,2025-04-02
INV002641,PRD00753,WH007,238,43,In Stock,2022-12-10
INV002642,PRD00753,WH003,1028,43,In Stock,2025-02-13
INV002643,PRD00753,WH002,488,43,In Stock,2025-07-16
INV002644,PRD00754,WH011,1380,154,In Stock,2025-11-07
INV002645,PRD00754,WH010,1306,154,In Stock,2024-07-26
INV002646,PRD00755,WH007,1298,71,In Stock,2025-06-18
INV002647,PRD00755,WH002,896,71,In Stock,2023-10-29
INV002648,PRD00755,WH009,655,71,In Stock,2026-06-10
INV002649,PRD00755,WH012,1313,71,In Stock,2025-10-06
INV002650,PRD00756,WH011,263,102,In Stock,2026-05-18
INV002651,PRD00756,WH002,978,102,In Stock,2025-05-16
INV002652,PRD00756,WH001,665,102,In Stock,2025-02-19
INV002653,PRD00757,WH006,1,56,Low Stock,2023-12-26
INV002654,PRD00757,WH012,1462,56,In Stock,2022-02-05
INV002655,PRD00757,WH001,212,56,In Stock,2022-04-19
INV002656,PRD00758,WH001,910,113,In Stock,2022-11-27
INV002657,PRD00758,WH012,60,113,Low Stock,2023-01-19
INV002658,PRD00758,WH009,1084,113,In Stock,2025-02-02
INV002659,PRD00758,WH007,679,113,In Stock,2024-10-03
INV002660,PRD00759,WH012,964,121,In Stock,2024-10-07
INV002661,PRD00759,WH005,1019,121,In Stock,2023-10-27
INV002662,PRD00759,WH004,1206,121,In Stock,2025-09-24
INV002663,PRD00759,WH007,1006,121,In Stock,2026-03-29
INV002664,PRD00760,WH009,1299,54,In Stock,2024-01-12
INV002665,PRD00760,WH010,298,54,In Stock,2025-02-15
INV002666,PRD00761,WH010,994,183,In Stock,2022-05-10
INV002667,PRD00761,WH005,1085,183,In Stock,2025-11-01
INV002668,PRD00761,WH009,717,183,In Stock,2026-07-16
INV002669,PRD00761,WH007,571,183,In Stock,2023-11-13
INV002670,PRD00762,WH003,1449,163,In Stock,2024-10-21
INV002671,PRD00762,WH009,753,163,In Stock,2024-12-04
INV002672,PRD00762,WH010,808,163,In Stock,2026-01-02
INV002673,PRD00763,WH005,891,111,In Stock,2023-07-08
INV002674,PRD00763,WH007,87,111,Low Stock,2025-04-14
INV002675,PRD00763,WH012,1452,111,In Stock,2024-02-19
INV002676,PRD00764,WH007,832,116,In Stock,2025-10-03
INV002677,PRD00764,WH011,1381,116,In Stock,2023-02-11
INV002678,PRD00765,WH012,455,65,In Stock,2023-07-16
INV002679,PRD00765,WH010,1386,65,In Stock,2023-10-03
INV002680,PRD00765,WH011,929,65,In Stock,2026-12-29
INV002681,PRD00765,WH009,235,65,In Stock,2023-12-24
INV002682,PRD00766,WH005,1056,120,In Stock,2026-05-13
INV002683,PRD00766,WH004,1488,120,In Stock,2025-03-14
INV002684,PRD00766,WH008,63,120,Low Stock,2023-06-05
INV002685,PRD00766,WH010,726,120,In Stock,2024-12-31
INV002686,PRD00767,WH006,1337,28,In Stock,2025-05-13
INV002687,PRD00767,WH010,60,28,In Stock,2024-09-08
INV002688,PRD00767,WH003,304,28,In Stock,2026-08-05
INV002689,PRD00767,WH012,386,28,In Stock,2024-10-31
INV002690,PRD00767,WH005,1349,28,In Stock,2025-05-03
INV002691,PRD00768,WH004,1367,176,In Stock,2023-10-23
INV002692,PRD00768,WH011,120,176,Low Stock,2025-05-13
INV002693,PRD00769,WH011,1258,147,In Stock,2024-11-24
INV002694,PRD00769,WH012,1291,147,In Stock,2022-11-09
INV002695,PRD00770,WH005,579,108,In Stock,2022-12-23
INV002696,PRD00770,WH002,1372,108,In Stock,2022-06-23
INV002697,PRD00770,WH004,558,108,In Stock,2024-10-29
INV002698,PRD00770,WH001,196,108,In Stock,2025-10-15
INV002699,PRD00770,WH008,208,108,In Stock,2023-06-15
INV002700,PRD00771,WH010,913,42,In Stock,2022-01-29
INV002701,PRD00771,WH009,1409,42,In Stock,2026-04-27
INV002702,PRD00771,WH002,133,42,In Stock,2025-10-05
INV002703,PRD00772,WH009,1460,105,In Stock,2024-09-01
INV002704,PRD00772,WH007,987,105,In Stock,2024-04-20
INV002705,PRD00773,WH011,874,197,In Stock,2025-09-10
INV002706,PRD00773,WH007,856,197,In Stock,2022-07-27
INV002707,PRD00774,WH004,19,20,Low Stock,2023-05-02
INV002708,PRD00774,WH002,493,20,In Stock,2025-04-19
INV002709,PRD00774,WH003,885,20,In Stock,2023-08-19
INV002710,PRD00774,WH011,1012,20,In Stock,2026-07-19
INV002711,PRD00774,WH001,1128,20,In Stock,2022-11-08
INV002712,PRD00775,WH011,877,62,In Stock,2025-06-09
INV002713,PRD00775,WH010,1275,62,In Stock,2026-10-25
INV002714,PRD00775,WH007,844,62,In Stock,2024-04-11
INV002715,PRD00775,WH004,920,62,In Stock,2024-01-15
INV002716,PRD00775,WH001,243,62,In Stock,2026-07-05
INV002717,PRD00776,WH010,1404,109,In Stock,2022-09-15
INV002718,PRD00776,WH007,222,109,In Stock,2026-12-03
INV002719,PRD00777,WH009,371,167,In Stock,2022-09-16
INV002720,PRD00777,WH006,645,167,In Stock,2024-07-17
INV002721,PRD00777,WH008,746,167,In Stock,2025-01-22
INV002722,PRD00777,WH001,30,167,Low Stock,2024-11-27
INV002723,PRD00778,WH003,96,135,Low Stock,2026-09-01
INV002724,PRD00778,WH010,482,135,In Stock,2024-12-23
INV002725,PRD00779,WH008,939,25,In Stock,2023-01-09
INV002726,PRD00779,WH012,960,25,In Stock,2024-10-19
INV002727,PRD00779,WH007,1484,25,In Stock,2024-03-28
INV002728,PRD00779,WH005,454,25,In Stock,2024-07-26
INV002729,PRD00780,WH009,562,107,In Stock,2022-06-17
INV002730,PRD00780,WH012,1373,107,In Stock,2025-02-01
INV002731,PRD00780,WH010,1446,107,In Stock,2026-01-16
INV002732,PRD00780,WH006,1008,107,In Stock,2022-03-08
INV002733,PRD00780,WH007,1352,107,In Stock,2025-11-06
INV002734,PRD00781,WH004,767,39,In Stock,2025-06-19
INV002735,PRD00781,WH007,731,39,In Stock,2026-10-15
INV002736,PRD00782,WH011,233,106,In Stock,2023-08-12
INV002737,PRD00782,WH004,17,106,Low Stock,2025-01-22
INV002738,PRD00782,WH006,283,106,In Stock,2023-10-28
INV002739,PRD00782,WH010,740,106,In Stock,2023-10-05
INV002740,PRD00782,WH012,706,106,In Stock,2025-06-15
INV002741,PRD00783,WH007,1166,200,In Stock,2025-07-19
INV002742,PRD00783,WH004,253,200,In Stock,2025-12-25
INV002743,PRD00783,WH003,68,200,Low Stock,2023-03-28
INV002744,PRD00783,WH012,1001,200,In Stock,2023-07-30
INV002745,PRD00784,WH008,116,175,Low Stock,2023-03-22
INV002746,PRD00784,WH001,1149,175,In Stock,2023-07-25
INV002747,PRD00784,WH011,417,175,In Stock,2023-12-04
INV002748,PRD00784,WH005,1091,175,In Stock,2022-07-30
INV002749,PRD00784,WH012,337,175,In Stock,2023-10-21
INV002750,PRD00785,WH009,132,104,In Stock,2022-12-06
INV002751,PRD00785,WH002,859,104,In Stock,2022-05-08
INV002752,PRD00785,WH011,547,104,In Stock,2026-04-24
INV002753,PRD00785,WH001,663,104,In Stock,2025-07-31
INV002754,PRD00786,WH008,116,161,Low Stock,2026-12-09
INV002755,PRD00786,WH010,169,161,In Stock,2024-01-24
INV002756,PRD00787,WH012,668,189,In Stock,2024-12-28
INV002757,PRD00787,WH008,917,189,In Stock,2026-04-10
INV002758,PRD00788,WH005,550,120,In Stock,2026-07-18
INV002759,PRD00788,WH010,777,120,In Stock,2025-09-05
INV002760,PRD00788,WH007,340,120,In Stock,2026-04-22
INV002761,PRD00789,WH003,1364,33,In Stock,2026-03-20
INV002762,PRD00789,WH006,526,33,In Stock,2025-02-04
INV002763,PRD00789,WH008,452,33,In Stock,2022-05-22
INV002764,PRD00789,WH004,464,33,In Stock,2026-06-15
INV002765,PRD00789,WH010,104,33,In Stock,2025-02-24
INV002766,PRD00790,WH003,1319,189,In Stock,2025-08-19
INV002767,PRD00790,WH009,1098,189,In Stock,2026-02-27
INV002768,PRD00791,WH009,1160,26,In Stock,2025-01-21
INV002769,PRD00791,WH002,730,26,In Stock,2023-01-19
INV002770,PRD00792,WH011,1238,141,In Stock,2026-11-13
INV002771,PRD00792,WH012,678,141,In Stock,2024-09-12
INV002772,PRD00792,WH009,332,141,In Stock,2022-05-10
INV002773,PRD00793,WH006,814,140,In Stock,2026-12-31
INV002774,PRD00793,WH002,897,140,In Stock,2023-05-10
INV002775,PRD00793,WH010,759,140,In Stock,2024-01-22
INV002776,PRD00794,WH007,1474,184,In Stock,2024-11-30
INV002777,PRD00794,WH002,261,184,In Stock,2024-02-12
INV002778,PRD00795,WH002,806,117,In Stock,2022-10-11
INV002779,PRD00795,WH008,261,117,In Stock,2022-09-23
INV002780,PRD00796,WH007,330,132,In Stock,2024-03-31
INV002781,PRD00796,WH012,85,132,Low Stock,2026-01-20
INV002782,PRD00796,WH009,1254,132,In Stock,2024-03-20
INV002783,PRD00797,WH007,375,164,In Stock,2024-12-23
INV002784,PRD00797,WH004,29,164,Low Stock,2026-05-16
INV002785,PRD00797,WH005,442,164,In Stock,2023-06-17
INV002786,PRD00797,WH002,206,164,In Stock,2025-10-20
INV002787,PRD00797,WH009,1338,164,In Stock,2024-11-07
INV002788,PRD00798,WH012,379,44,In Stock,2026-09-11
INV002789,PRD00798,WH011,1100,44,In Stock,2023-08-08
INV002790,PRD00799,WH009,1405,125,In Stock,2023-06-03
INV002791,PRD00799,WH008,545,125,In Stock,2024-10-19
INV002792,PRD00800,WH002,856,35,In Stock,2024-10-07
INV002793,PRD00800,WH011,1388,35,In Stock,2023-04-27
INV002794,PRD00800,WH005,468,35,In Stock,2023-11-19
